-- phpMyAdmin SQL Dump
-- version 4.8.3
-- https://www.phpmyadmin.net/
--
-- Gostitelj: 127.0.0.1
-- Čas nastanka: 06. dec 2018 ob 15.18
-- Različica strežnika: 10.1.35-MariaDB
-- Različica PHP: 7.2.9

SET SQL_MODE = "NO_AUTO_VALUE_ON_ZERO";
SET AUTOCOMMIT = 0;
START TRANSACTION;
SET time_zone = "+00:00";


/*!40101 SET @OLD_CHARACTER_SET_CLIENT=@@CHARACTER_SET_CLIENT */;
/*!40101 SET @OLD_CHARACTER_SET_RESULTS=@@CHARACTER_SET_RESULTS */;
/*!40101 SET @OLD_COLLATION_CONNECTION=@@COLLATION_CONNECTION */;
/*!40101 SET NAMES utf8mb4 */;

--
-- Zbirka podatkov: `eapi`
--

-- --------------------------------------------------------

--
-- Struktura tabele `migrations`
--

CREATE TABLE `migrations` (
  `id` int(10) UNSIGNED NOT NULL,
  `migration` varchar(255) COLLATE utf8mb4_unicode_ci NOT NULL,
  `batch` int(11) NOT NULL
) ENGINE=InnoDB DEFAULT CHARSET=utf8mb4 COLLATE=utf8mb4_unicode_ci;

--
-- Odloži podatke za tabelo `migrations`
--

INSERT INTO `migrations` (`id`, `migration`, `batch`) VALUES
(4, '2014_10_12_000000_create_users_table', 1),
(5, '2018_12_06_130444_create_products_table', 1),
(6, '2018_12_06_130456_create_reviews_table', 1);

-- --------------------------------------------------------

--
-- Struktura tabele `products`
--

CREATE TABLE `products` (
  `id` int(10) UNSIGNED NOT NULL,
  `name` varchar(255) COLLATE utf8mb4_unicode_ci NOT NULL,
  `detail` text COLLATE utf8mb4_unicode_ci NOT NULL,
  `price` int(11) NOT NULL,
  `stock` int(11) NOT NULL,
  `discount` int(11) NOT NULL,
  `created_at` timestamp NULL DEFAULT NULL,
  `updated_at` timestamp NULL DEFAULT NULL
) ENGINE=InnoDB DEFAULT CHARSET=utf8mb4 COLLATE=utf8mb4_unicode_ci;

--
-- Odloži podatke za tabelo `products`
--

INSERT INTO `products` (`id`, `name`, `detail`, `price`, `stock`, `discount`, `created_at`, `updated_at`) VALUES
(1, 'voluptatem', 'Enim nam aut fugiat qui placeat dolorem. Ratione dolore architecto et ut. Et ea sit deleniti non dolor accusamus. Totam voluptates fuga accusamus eveniet aliquid enim.', 252, 1, 12, '2018-12-06 13:16:03', '2018-12-06 13:16:03'),
(2, 'voluptas', 'Tempore ad nostrum iusto aut maxime repellat et. Natus est quod voluptatem ut. Soluta quasi adipisci reiciendis dolor sapiente.', 344, 8, 2, '2018-12-06 13:16:03', '2018-12-06 13:16:03'),
(3, 'nesciunt', 'Dolor ex unde ea consequatur. Aspernatur alias voluptatibus praesentium. Repellat placeat ipsum est quisquam ex similique. Sunt at cum quibusdam aut at rem.', 657, 6, 24, '2018-12-06 13:16:03', '2018-12-06 13:16:03'),
(4, 'asperiores', 'Nobis qui quam voluptate laboriosam et aliquid. Vero adipisci corrupti dolores accusamus qui omnis rerum. Vitae id error deleniti magni veritatis similique.', 973, 0, 25, '2018-12-06 13:16:03', '2018-12-06 13:16:03'),
(5, 'inventore', 'Ex totam in maiores placeat mollitia illo non. Modi perspiciatis vel excepturi non fugiat veritatis doloribus. Maiores adipisci harum corrupti ut similique repellendus.', 718, 7, 46, '2018-12-06 13:16:03', '2018-12-06 13:16:03'),
(6, 'nihil', 'Eligendi quas eum accusantium perspiciatis qui. Nobis deleniti nam porro earum non. Architecto porro ut fugiat vitae voluptas qui.', 593, 8, 45, '2018-12-06 13:16:03', '2018-12-06 13:16:03'),
(7, 'tempore', 'Nesciunt corporis velit aut accusantium esse ut. Qui praesentium ullam harum necessitatibus repellat dolorum fuga. Eos maiores magnam molestias et ullam est et.', 333, 1, 46, '2018-12-06 13:16:03', '2018-12-06 13:16:03'),
(8, 'corrupti', 'At nostrum voluptatibus ut quasi. Quia voluptate itaque ad ut nesciunt beatae quis neque. Qui veniam illo sunt aperiam autem perferendis. Ipsum aspernatur iusto nostrum cupiditate.', 276, 6, 39, '2018-12-06 13:16:03', '2018-12-06 13:16:03'),
(9, 'ipsam', 'A autem ipsam magnam officia et dolorem. Dolorum illum vel debitis ut sapiente accusamus. Animi ut voluptatum in et quas et et. Enim autem veniam aliquam eos commodi quia earum.', 624, 0, 23, '2018-12-06 13:16:03', '2018-12-06 13:16:03'),
(10, 'similique', 'Soluta soluta id maxime commodi architecto veritatis. Dolorem delectus temporibus et dolorum laboriosam modi. Autem aliquam sint eius excepturi quasi.', 258, 6, 14, '2018-12-06 13:16:03', '2018-12-06 13:16:03'),
(11, 'debitis', 'Ut odio doloremque iste molestiae distinctio ipsa. Omnis quisquam pariatur eveniet corrupti id libero. Non quo laudantium ut quia ex minima. Illo nobis sequi aut et.', 220, 4, 16, '2018-12-06 13:16:03', '2018-12-06 13:16:03'),
(12, 'nesciunt', 'Recusandae nihil autem fugit necessitatibus odio consequatur. Dolorum omnis quod et eum ut vitae. Libero nostrum cupiditate corrupti voluptatem voluptatem. Consectetur occaecati porro cumque autem libero.', 981, 8, 38, '2018-12-06 13:16:03', '2018-12-06 13:16:03'),
(13, 'velit', 'Dolores quibusdam quos ipsam nobis. Dolores aperiam velit voluptatum debitis enim. Consequatur ea sit vero dolorum sequi tenetur. Ab id impedit eaque ea.', 904, 9, 43, '2018-12-06 13:16:03', '2018-12-06 13:16:03'),
(14, 'iste', 'Qui odio dolor sint placeat corporis voluptatem. Illo dolorem assumenda laborum doloremque in quaerat. Necessitatibus magni dolor voluptatibus aut voluptatem occaecati quos dolorem.', 994, 3, 25, '2018-12-06 13:16:03', '2018-12-06 13:16:03'),
(15, 'nobis', 'Adipisci fuga molestiae laudantium excepturi quaerat voluptates ut. Quis aperiam similique doloribus unde officiis sed. Nam et facere qui delectus. Et est voluptatum atque officiis tempora harum.', 665, 0, 35, '2018-12-06 13:16:03', '2018-12-06 13:16:03'),
(16, 'omnis', 'Nisi laborum ut inventore. Aut ducimus et tenetur fuga.', 278, 5, 23, '2018-12-06 13:16:03', '2018-12-06 13:16:03'),
(17, 'dolores', 'Officiis ad nostrum et eos cupiditate amet. Odit autem at nostrum a. Ducimus aut et deserunt autem cumque dolor.', 364, 5, 8, '2018-12-06 13:16:03', '2018-12-06 13:16:03'),
(18, 'dolorem', 'Et nihil quis earum reprehenderit impedit perspiciatis. Iusto nisi ut ab esse dolore culpa.', 336, 8, 21, '2018-12-06 13:16:03', '2018-12-06 13:16:03'),
(19, 'veritatis', 'Ipsum veritatis saepe dolorem occaecati dolorem dolorum. Fugit tempora est ex aliquid ut laboriosam consequatur. Assumenda modi amet doloribus et.', 746, 7, 44, '2018-12-06 13:16:03', '2018-12-06 13:16:03'),
(20, 'repellat', 'Esse corrupti iste hic voluptatem. Deleniti quas temporibus ut quo voluptas dolores. Omnis omnis similique magnam.', 372, 9, 16, '2018-12-06 13:16:03', '2018-12-06 13:16:03'),
(21, 'sit', 'Consequuntur qui ullam eos dignissimos quia in. Rerum dignissimos excepturi amet rerum omnis. Corrupti suscipit quisquam pariatur mollitia libero dicta quo. Qui nam ab nostrum qui est voluptatibus officiis est.', 149, 3, 27, '2018-12-06 13:16:03', '2018-12-06 13:16:03'),
(22, 'quam', 'Et voluptas sit nulla voluptas aliquid. Nam alias dicta incidunt labore. Quasi itaque sunt autem dolor modi. Nihil delectus ut praesentium quos.', 252, 6, 46, '2018-12-06 13:16:03', '2018-12-06 13:16:03'),
(23, 'nobis', 'Exercitationem tenetur sit dolores exercitationem labore modi voluptatibus quaerat. Aliquam sunt ut sed est qui esse a. Sint itaque deserunt a repellat omnis maxime. Dignissimos necessitatibus neque quas consequuntur ea molestiae.', 417, 3, 8, '2018-12-06 13:16:03', '2018-12-06 13:16:03'),
(24, 'quibusdam', 'Non ex quis pariatur aut et architecto vitae. Quidem quod magnam fuga dignissimos quis. Et impedit praesentium officiis nobis ut consequatur aut quia.', 992, 5, 19, '2018-12-06 13:16:03', '2018-12-06 13:16:03'),
(25, 'qui', 'Voluptatibus architecto vel ex illo sint voluptas beatae. Molestias aut ea dolores laboriosam excepturi. Et et quia beatae laborum. Qui libero sunt qui explicabo ut nemo.', 487, 3, 38, '2018-12-06 13:16:03', '2018-12-06 13:16:03'),
(26, 'excepturi', 'Vel in autem recusandae occaecati consectetur est. Et nobis eos illum tenetur eum perspiciatis laudantium. Cumque et eveniet sit voluptatibus aliquid numquam.', 562, 5, 26, '2018-12-06 13:16:03', '2018-12-06 13:16:03'),
(27, 'debitis', 'Accusamus non ut illo dolore voluptatem impedit dolores. Eaque voluptas in maxime et excepturi reprehenderit a. Itaque optio quia quidem vel quis.', 886, 3, 21, '2018-12-06 13:16:03', '2018-12-06 13:16:03'),
(28, 'reiciendis', 'Commodi consequuntur dolores corrupti eveniet sit et molestiae ut. Quis eveniet nihil dicta molestiae sit quas. Culpa quisquam facilis molestiae voluptates praesentium molestias qui. Rerum est laborum consectetur.', 943, 9, 32, '2018-12-06 13:16:03', '2018-12-06 13:16:03'),
(29, 'aliquam', 'Qui minima velit explicabo ad. Rerum illo omnis non distinctio eum magnam unde et. Commodi temporibus omnis et deserunt quo ea nemo.', 624, 9, 33, '2018-12-06 13:16:03', '2018-12-06 13:16:03'),
(30, 'cupiditate', 'Non aut deleniti non itaque sed repellat voluptatum. Enim dolorum eum consectetur autem fugit eaque. Deserunt ab eos in. Eveniet iusto aut ea.', 840, 7, 28, '2018-12-06 13:16:03', '2018-12-06 13:16:03'),
(31, 'beatae', 'Minus quibusdam autem quia et minus et sunt. Amet praesentium veritatis quisquam ea et sit adipisci id. Voluptatem dolor ex aliquam rerum enim natus et.', 561, 4, 18, '2018-12-06 13:16:03', '2018-12-06 13:16:03'),
(32, 'rerum', 'Numquam odio est doloribus. Ad consectetur harum harum. Corporis animi ipsam et veniam. Voluptatem cum qui corporis.', 437, 9, 10, '2018-12-06 13:16:03', '2018-12-06 13:16:03'),
(33, 'molestiae', 'Qui cupiditate cumque doloremque ipsam et magni. Dolorem sed odio sint temporibus. Optio laborum fugiat non sit.', 303, 8, 34, '2018-12-06 13:16:03', '2018-12-06 13:16:03'),
(34, 'eius', 'Dolorem eius sint sequi nesciunt cumque. Reprehenderit maiores omnis laborum aut. Quis neque ut eius quisquam.', 855, 9, 28, '2018-12-06 13:16:03', '2018-12-06 13:16:03'),
(35, 'sed', 'Odio sunt minima veniam eveniet voluptatem qui aliquid unde. At id ut quo dolore. Illum provident in saepe sunt ut.', 771, 3, 44, '2018-12-06 13:16:03', '2018-12-06 13:16:03'),
(36, 'animi', 'Aperiam asperiores at eligendi nemo voluptatem dolorum debitis et. Est quas et mollitia et. Itaque hic odit quasi consequuntur alias ratione.', 717, 8, 31, '2018-12-06 13:16:03', '2018-12-06 13:16:03'),
(37, 'voluptatem', 'Laboriosam possimus rerum suscipit qui sit. Est culpa perspiciatis totam dolor atque. Labore dolore veniam eum minus eos omnis dolores. Sed alias fugiat incidunt aut debitis.', 839, 9, 28, '2018-12-06 13:16:03', '2018-12-06 13:16:03'),
(38, 'vitae', 'Quo illo accusamus temporibus necessitatibus voluptate. Laudantium consequatur harum est fuga enim culpa. Cumque at vel est consequatur ratione aut ipsa. Nihil qui sed et omnis sit et aspernatur aut. Praesentium dolorem qui neque expedita unde aliquam.', 370, 1, 39, '2018-12-06 13:16:03', '2018-12-06 13:16:03'),
(39, 'voluptatem', 'Omnis quis aspernatur et enim nesciunt inventore culpa. Aut ipsa unde voluptas et cum consequuntur rerum. Consequatur ut dolor sed amet unde hic. Vel eos assumenda eos provident reprehenderit.', 850, 4, 43, '2018-12-06 13:16:03', '2018-12-06 13:16:03'),
(40, 'quibusdam', 'Saepe qui blanditiis repudiandae tempora rerum dolores. Temporibus voluptatum rerum aut debitis ut eum amet molestias. Minus modi expedita et atque. Tenetur et necessitatibus libero sed at molestias animi consequatur.', 308, 7, 34, '2018-12-06 13:16:03', '2018-12-06 13:16:03'),
(41, 'accusamus', 'Et quod sint quia porro incidunt. Aut consequatur eum et quo occaecati molestiae quos. Vero vel fugiat vel dicta nostrum velit temporibus. Nemo nulla deleniti eum tenetur.', 396, 6, 33, '2018-12-06 13:16:03', '2018-12-06 13:16:03'),
(42, 'nobis', 'Qui quo sapiente aut earum. Ducimus et sunt nemo animi. Hic architecto officiis ut non consequatur.', 233, 5, 44, '2018-12-06 13:16:03', '2018-12-06 13:16:03'),
(43, 'repellat', 'Quia itaque officiis quas et. Repudiandae nam eius non deserunt autem nisi sapiente. Asperiores nulla repellat ut exercitationem molestias atque. Neque porro ducimus dolore consequatur dolor autem.', 154, 7, 6, '2018-12-06 13:16:03', '2018-12-06 13:16:03'),
(44, 'consectetur', 'Minima ipsam corporis similique et qui accusantium rerum. Et perferendis et sapiente. Quia non aut delectus est consequatur aut iste. Repellat maiores modi quo quis dolores.', 758, 4, 43, '2018-12-06 13:16:03', '2018-12-06 13:16:03'),
(45, 'accusantium', 'Unde est et voluptatibus et. Temporibus debitis voluptatem et consequatur. Ut autem quae debitis officia non ullam deserunt.', 622, 4, 17, '2018-12-06 13:16:03', '2018-12-06 13:16:03'),
(46, 'aperiam', 'Modi magni qui placeat ut ipsa. Quisquam quasi omnis quam voluptatem nesciunt. Omnis error iste quos quia optio autem.', 752, 3, 6, '2018-12-06 13:16:03', '2018-12-06 13:16:03'),
(47, 'ut', 'Quidem consequuntur vitae quidem nihil possimus blanditiis magni. Natus et sit exercitationem et dolorem. Asperiores qui est dolorem. Et maxime nam minus eveniet asperiores ipsam asperiores.', 724, 0, 49, '2018-12-06 13:16:03', '2018-12-06 13:16:03'),
(48, 'dolorem', 'Voluptates consequatur illum eum ea placeat quaerat quia. Quia distinctio dicta quia at corporis ut unde omnis. Excepturi rerum dolores delectus quidem nihil omnis.', 774, 6, 9, '2018-12-06 13:16:03', '2018-12-06 13:16:03'),
(49, 'rem', 'Rerum dolor perferendis illum vero. Earum sunt ab quidem molestiae fugit voluptatem. Adipisci nihil incidunt sit voluptatem maxime sequi quis.', 202, 3, 15, '2018-12-06 13:16:03', '2018-12-06 13:16:03'),
(50, 'corrupti', 'Quia optio laudantium provident sit laborum. Ex sed sunt omnis sequi. Molestiae aspernatur officiis et quos est. Quod nihil aut non praesentium facere.', 614, 0, 24, '2018-12-06 13:16:03', '2018-12-06 13:16:03');

-- --------------------------------------------------------

--
-- Struktura tabele `reviews`
--

CREATE TABLE `reviews` (
  `id` int(10) UNSIGNED NOT NULL,
  `product_id` int(10) UNSIGNED NOT NULL,
  `customer` varchar(255) COLLATE utf8mb4_unicode_ci NOT NULL,
  `review` text COLLATE utf8mb4_unicode_ci NOT NULL,
  `star` int(11) NOT NULL,
  `created_at` timestamp NULL DEFAULT NULL,
  `updated_at` timestamp NULL DEFAULT NULL
) ENGINE=InnoDB DEFAULT CHARSET=utf8mb4 COLLATE=utf8mb4_unicode_ci;

--
-- Odloži podatke za tabelo `reviews`
--

INSERT INTO `reviews` (`id`, `product_id`, `customer`, `review`, `star`, `created_at`, `updated_at`) VALUES
(1, 30, 'Velda Waters', 'Unde unde odio magnam. Saepe quo aut voluptatem voluptas vel. Placeat quibusdam deserunt velit quibusdam. At doloremque totam corporis.', 3, '2018-12-06 13:16:04', '2018-12-06 13:16:04'),
(2, 22, 'Gino Graham', 'Qui quia quidem aut perspiciatis labore perferendis nulla. Ullam est sequi nesciunt occaecati dolor sequi eius. Sit nostrum nisi repellat veniam repellat mollitia.', 4, '2018-12-06 13:16:04', '2018-12-06 13:16:04'),
(3, 42, 'Maia Torphy', 'Libero molestias eius repudiandae asperiores nihil sint. Quod consequatur illum placeat enim dicta. Ut quisquam consectetur facere aut repellendus nihil ea. Et ipsam et illo molestiae. Natus velit ut sed minima.', 4, '2018-12-06 13:16:04', '2018-12-06 13:16:04'),
(4, 9, 'Jarod Reichel', 'Ipsa voluptatem ipsum eaque et earum dicta laborum. Non voluptatum pariatur esse. Iure est a quia illum.', 2, '2018-12-06 13:16:04', '2018-12-06 13:16:04'),
(5, 19, 'Brendon Shields', 'Reiciendis qui quo ea aut quis magnam ea. Voluptate sunt pariatur beatae impedit sit sunt. Esse iste aut quia numquam sit praesentium. Dolores sed in ullam dicta.', 2, '2018-12-06 13:16:04', '2018-12-06 13:16:04'),
(6, 43, 'Genevieve Friesen', 'Pariatur quos quo sed dolores. Debitis non aut qui non repellat rerum aut sunt. Nihil est facere sunt sunt. Quidem veniam reiciendis soluta maiores animi ullam consequatur.', 3, '2018-12-06 13:16:04', '2018-12-06 13:16:04'),
(7, 45, 'Berneice Steuber IV', 'Iure asperiores incidunt voluptatem nulla ex reprehenderit neque sint. Voluptas quo blanditiis aperiam quo illo expedita saepe sit. Voluptatem ut veniam est incidunt et. Amet est esse et soluta molestias quo facilis aut. Adipisci repellat voluptate impedit enim et omnis voluptatem.', 2, '2018-12-06 13:16:04', '2018-12-06 13:16:04'),
(8, 33, 'Ava Schuppe', 'Ipsa dignissimos sed quis non reprehenderit eos assumenda et. Magnam quos perferendis illo accusamus ut eaque sit dignissimos.', 5, '2018-12-06 13:16:04', '2018-12-06 13:16:04'),
(9, 50, 'Alberta Prosacco', 'In ut voluptatibus eligendi earum deleniti eveniet deserunt. Dicta et ut et et est qui. Natus officia est laborum nihil rerum est.', 4, '2018-12-06 13:16:04', '2018-12-06 13:16:04'),
(10, 50, 'Gracie Zulauf DVM', 'Vel et aut animi enim inventore maxime rerum est. In inventore nemo dolores omnis ea accusantium. Nihil laudantium id placeat deleniti veritatis dicta.', 3, '2018-12-06 13:16:04', '2018-12-06 13:16:04'),
(11, 40, 'Dr. Macie Rath DVM', 'Eligendi est enim aut magni. Et sequi laudantium voluptatem est quidem iusto et soluta. Nobis quod hic molestiae aspernatur.', 4, '2018-12-06 13:16:04', '2018-12-06 13:16:04'),
(12, 23, 'Eleanora Altenwerth', 'Enim tempora qui nisi corporis aliquam. Ipsa dolores illum consequatur cumque ad. Numquam omnis qui nihil hic illum sunt eveniet. Rerum laborum consectetur ad accusamus qui quod fugit.', 4, '2018-12-06 13:16:04', '2018-12-06 13:16:04'),
(13, 14, 'Mr. Rocky Jacobson V', 'Ut quibusdam accusamus natus dolores modi sint est. Ut consectetur aperiam pariatur iure aut officiis. Aut veniam omnis id omnis minus.', 4, '2018-12-06 13:16:04', '2018-12-06 13:16:04'),
(14, 40, 'Daryl Beier', 'Porro necessitatibus sit autem. Et sed facere animi.', 0, '2018-12-06 13:16:04', '2018-12-06 13:16:04'),
(15, 3, 'Daisy Lebsack', 'Consequatur quia reiciendis tempore quae fugiat culpa sint. Eum est praesentium id.', 5, '2018-12-06 13:16:04', '2018-12-06 13:16:04'),
(16, 23, 'Sydni Kessler', 'Minus dolorum expedita ex possimus vitae voluptatem eos. Deleniti molestiae itaque adipisci et animi. Tempora cupiditate nam aut laudantium dolorem enim non. Porro voluptatum rerum qui nihil eaque.', 0, '2018-12-06 13:16:04', '2018-12-06 13:16:04'),
(17, 24, 'Sadie Heaney', 'Quis sed autem qui eos aspernatur. Est in et ipsum itaque. Sapiente sed quo voluptatem voluptas doloremque tempora corporis.', 0, '2018-12-06 13:16:04', '2018-12-06 13:16:04'),
(18, 13, 'Elinor Harris', 'Alias dolorem voluptatem officiis. Id in qui et laboriosam aspernatur tempore reiciendis. Sit laborum et illum reprehenderit aliquid et occaecati.', 2, '2018-12-06 13:16:04', '2018-12-06 13:16:04'),
(19, 16, 'Juana Larson', 'Eos ex inventore illum veniam dolorum sit placeat non. Cum et eos sit totam. Reiciendis illum reiciendis minima maxime ut eaque. Laudantium sit est sed.', 4, '2018-12-06 13:16:04', '2018-12-06 13:16:04'),
(20, 44, 'Prof. Salma Bednar Sr.', 'Reiciendis aliquam eos corrupti at quidem ut. Dolorem voluptas rerum molestiae quas ut non. Ut sapiente blanditiis omnis dignissimos et laborum quos.', 3, '2018-12-06 13:16:04', '2018-12-06 13:16:04'),
(21, 5, 'Genevieve Hauck', 'Placeat animi delectus minima est et. Eaque distinctio porro et molestias sit et enim. Qui eum voluptatem assumenda. Reiciendis aliquid earum eligendi praesentium qui.', 4, '2018-12-06 13:16:04', '2018-12-06 13:16:04'),
(22, 11, 'Delfina Hessel', 'Neque et eos eum id omnis reprehenderit ut. Sunt nihil animi voluptatem enim maxime ad atque. Voluptatem dolor praesentium quae veritatis perspiciatis dicta. Et suscipit vero quo laudantium alias.', 4, '2018-12-06 13:16:04', '2018-12-06 13:16:04'),
(23, 31, 'Constance Dach', 'Sed enim rerum tenetur corrupti autem. Dolorem velit optio tempore fuga maiores voluptatum autem. Natus dolores qui non et amet sequi itaque est. Praesentium esse veniam numquam exercitationem ut sequi quas.', 1, '2018-12-06 13:16:04', '2018-12-06 13:16:04'),
(24, 10, 'Prof. Jaycee Parisian', 'Optio harum nulla rerum in eos explicabo eius. Autem nostrum voluptates dignissimos ratione.', 1, '2018-12-06 13:16:04', '2018-12-06 13:16:04'),
(25, 35, 'Clarabelle McClure', 'Et beatae quis consectetur. Dicta libero fugit repudiandae laborum. Sed qui aspernatur adipisci sed voluptatem.', 1, '2018-12-06 13:16:04', '2018-12-06 13:16:04'),
(26, 38, 'Kendall Treutel', 'Aperiam accusamus fugiat sed corporis. Sed accusantium pariatur voluptatum quam quis adipisci nemo. Consequatur facere sit enim praesentium quisquam. Temporibus incidunt culpa est eum tenetur. Earum omnis ad quam earum.', 2, '2018-12-06 13:16:04', '2018-12-06 13:16:04'),
(27, 12, 'Wilma O\'Keefe', 'Quia facere nostrum dolorem ut. Voluptas natus voluptas neque voluptas. Quia alias qui aspernatur aspernatur.', 3, '2018-12-06 13:16:04', '2018-12-06 13:16:04'),
(28, 18, 'Prof. Sallie Tremblay IV', 'Qui amet ullam et ut itaque. Et doloribus laudantium dolore sed aliquam ut.', 4, '2018-12-06 13:16:04', '2018-12-06 13:16:04'),
(29, 50, 'Dr. Lawson Hermann PhD', 'Aspernatur quod aliquam voluptates consectetur possimus cumque. Laborum velit reprehenderit et. Quam et ab voluptates qui. Ducimus rerum beatae nisi quam ducimus illum aliquid voluptates.', 1, '2018-12-06 13:16:04', '2018-12-06 13:16:04'),
(30, 33, 'Brain Fritsch', 'Eum possimus repellat nostrum assumenda tempore molestias reiciendis. Asperiores facilis corporis voluptates. Natus voluptatibus id et in in.', 5, '2018-12-06 13:16:04', '2018-12-06 13:16:04'),
(31, 11, 'Dianna Ondricka', 'Dolores nam consequatur accusantium provident et at. Repellendus asperiores rerum recusandae consequatur minus ex nihil. Nesciunt officiis debitis ex sit esse enim. Debitis fugit nihil neque ut necessitatibus assumenda.', 5, '2018-12-06 13:16:04', '2018-12-06 13:16:04'),
(32, 8, 'Aisha Botsford', 'Asperiores nobis accusantium porro non. Sed et molestias perspiciatis iste velit quos. Iusto ex quia fugit et earum.', 0, '2018-12-06 13:16:04', '2018-12-06 13:16:04'),
(33, 47, 'Julian Lesch', 'Quisquam quaerat ipsum officiis. Totam eveniet quas occaecati sit et odit. Consectetur accusantium possimus ad animi.', 2, '2018-12-06 13:16:04', '2018-12-06 13:16:04'),
(34, 34, 'Lupe Torphy DVM', 'Sit consequuntur sint at exercitationem a id. Ducimus rem unde voluptatem saepe ex inventore harum provident. Rerum a autem velit tempore. In vel saepe sapiente exercitationem nesciunt et. Pariatur commodi voluptas molestiae quia distinctio.', 1, '2018-12-06 13:16:04', '2018-12-06 13:16:04'),
(35, 31, 'Wanda Paucek', 'Consequatur autem eum explicabo ullam magnam. Illo recusandae mollitia deserunt eum qui omnis. Quia voluptas voluptatem natus culpa et ipsa.', 4, '2018-12-06 13:16:04', '2018-12-06 13:16:04'),
(36, 39, 'Mr. Otho Stroman', 'Exercitationem sit ducimus asperiores qui dolorem error. Veritatis fuga sequi laudantium nihil qui dolores suscipit.', 4, '2018-12-06 13:16:04', '2018-12-06 13:16:04'),
(37, 48, 'Prof. Grayce O\'Connell MD', 'Error quas dicta doloremque qui. Numquam aut ad consequatur laborum voluptatem vel ipsa.', 3, '2018-12-06 13:16:04', '2018-12-06 13:16:04'),
(38, 22, 'Wallace Stracke', 'Maiores et qui illo cum consectetur fugit iste. Ea et sapiente est deserunt. Sequi eum maiores molestiae in assumenda blanditiis sunt.', 5, '2018-12-06 13:16:04', '2018-12-06 13:16:04'),
(39, 37, 'Prof. Ladarius Stoltenberg DDS', 'Optio perspiciatis quidem dolor odio voluptatem. Sit fugit earum deserunt.', 2, '2018-12-06 13:16:04', '2018-12-06 13:16:04'),
(40, 39, 'Lois Langworth DDS', 'Debitis harum non ullam exercitationem delectus rerum fugiat. Illum magni tenetur neque quia distinctio. Quos est asperiores est eum est vel distinctio. Explicabo minima est eos incidunt et quod.', 3, '2018-12-06 13:16:04', '2018-12-06 13:16:04'),
(41, 23, 'Dr. Leatha Beatty DVM', 'Quis itaque fuga est earum. Consequatur assumenda aspernatur facilis et voluptatem. Aut omnis natus reprehenderit sit eos. Sed non explicabo ullam accusantium error.', 5, '2018-12-06 13:16:04', '2018-12-06 13:16:04'),
(42, 21, 'Freeman Kling', 'Est voluptate cum molestiae. Et similique expedita possimus iusto dolorum dolores. Accusamus possimus debitis saepe ut maxime. Velit eligendi dolore neque accusamus quam. Suscipit animi quisquam similique vel possimus.', 1, '2018-12-06 13:16:04', '2018-12-06 13:16:04'),
(43, 31, 'Ottis Kunze', 'Et autem corrupti aut qui qui. Omnis est eos nihil facere officiis rerum aut. Quidem voluptate expedita qui repudiandae.', 0, '2018-12-06 13:16:04', '2018-12-06 13:16:04'),
(44, 8, 'Dr. Lexie Green', 'Ullam quo voluptate vel totam eveniet non eius cumque. Corrupti assumenda quasi error officiis perferendis voluptate excepturi. Ut qui dolor doloribus et nam ut et. Quis blanditiis dicta qui aliquid et qui. Illum quae quas molestiae nemo voluptatem.', 2, '2018-12-06 13:16:04', '2018-12-06 13:16:04'),
(45, 19, 'Dr. Valentin Hansen', 'Ut excepturi sed nisi tenetur facilis laborum. Nisi quas veniam eaque nihil.', 3, '2018-12-06 13:16:04', '2018-12-06 13:16:04'),
(46, 22, 'Connie Towne', 'Sit ex quia porro explicabo. Officia labore et nobis est vel expedita ut. Sed quas inventore est ratione ipsum qui. Maxime voluptatum quia quia ratione reiciendis non dolorum.', 3, '2018-12-06 13:16:04', '2018-12-06 13:16:04'),
(47, 6, 'Stephen Raynor', 'Possimus saepe deserunt fuga possimus non possimus. Exercitationem quibusdam sunt blanditiis ab cupiditate. Maiores sed autem nam neque non. Dolorem voluptatem sed culpa accusantium asperiores.', 5, '2018-12-06 13:16:04', '2018-12-06 13:16:04'),
(48, 21, 'Dr. Reinhold Wolf MD', 'A ab ullam ratione et. Reprehenderit blanditiis est voluptas et dicta placeat sed. Distinctio iure et sequi. Iure illum eaque eius enim.', 0, '2018-12-06 13:16:04', '2018-12-06 13:16:04'),
(49, 6, 'Porter Gislason I', 'Ullam dignissimos quaerat est unde dolores ipsam. Dolores delectus quaerat sequi quia doloribus. Et error adipisci error.', 4, '2018-12-06 13:16:04', '2018-12-06 13:16:04'),
(50, 17, 'Brooke McClure', 'Expedita maiores facilis nihil quidem. Temporibus dolores et temporibus sint qui sunt. Sit consequatur aperiam in velit et aut fugiat.', 3, '2018-12-06 13:16:04', '2018-12-06 13:16:04'),
(51, 48, 'Caroline Maggio', 'Voluptatem sed id voluptatum odit. Eius beatae numquam qui consequatur quo. Fugiat vitae ipsam est tenetur sed sit. Delectus unde nulla iste.', 3, '2018-12-06 13:16:04', '2018-12-06 13:16:04'),
(52, 18, 'Xavier Grady', 'Aut quia ut officiis hic quo sapiente eius sed. Nostrum in iure repellat et. Quisquam et fuga exercitationem error. Perspiciatis quasi aut voluptatum et dignissimos perferendis ex sed.', 2, '2018-12-06 13:16:04', '2018-12-06 13:16:04'),
(53, 9, 'Friedrich Bradtke', 'Asperiores aut maiores illo est omnis voluptas sed et. Maiores quidem fuga tempore nisi atque in. Adipisci nam saepe temporibus consequatur neque illo cumque.', 4, '2018-12-06 13:16:04', '2018-12-06 13:16:04'),
(54, 21, 'Andy Gusikowski', 'Dolorem adipisci ratione atque repellat modi saepe. Est ex eum itaque deleniti aut aut. Aut quidem ut recusandae ad vel ipsa. Repudiandae et ea debitis veritatis soluta.', 2, '2018-12-06 13:16:04', '2018-12-06 13:16:04'),
(55, 23, 'Benton Baumbach', 'Dolor sit minus porro ea praesentium quibusdam enim nobis. Repudiandae similique temporibus deserunt facere non repellat. Non omnis ad ab ut doloremque reiciendis ab.', 2, '2018-12-06 13:16:04', '2018-12-06 13:16:04'),
(56, 17, 'Dr. Alex Hamill Jr.', 'Laudantium nostrum consequatur quis ut sit qui. Aut aut molestias voluptatibus suscipit necessitatibus labore mollitia. Cupiditate fugiat exercitationem perferendis qui error quos quam. Molestiae ut ab illum rerum.', 5, '2018-12-06 13:16:04', '2018-12-06 13:16:04'),
(57, 39, 'Justina Walter', 'Error accusantium qui consequuntur voluptatem eum ullam beatae. Veniam impedit sed quibusdam dignissimos qui omnis. Molestiae nihil magni reprehenderit reprehenderit quibusdam qui magnam.', 4, '2018-12-06 13:16:04', '2018-12-06 13:16:04'),
(58, 2, 'Tamara Lowe', 'Ipsa et dolorum autem totam eos. Provident et in a atque illum qui. Et eum accusantium ut accusantium distinctio molestiae sequi pariatur.', 1, '2018-12-06 13:16:04', '2018-12-06 13:16:04'),
(59, 12, 'Lemuel Von', 'Reprehenderit et rerum labore excepturi. Neque quis dolore rerum et harum non voluptas culpa. Rerum nihil et porro laboriosam ullam. Repudiandae est error ut magni minima sed quibusdam.', 2, '2018-12-06 13:16:04', '2018-12-06 13:16:04'),
(60, 1, 'Josefina Jaskolski', 'Odit ut cupiditate reprehenderit in odit quaerat ad. Quam unde aut cumque accusantium sint sed assumenda. Consequatur sunt voluptates neque et sed autem omnis pariatur. Id ut laborum quia.', 5, '2018-12-06 13:16:04', '2018-12-06 13:16:04'),
(61, 13, 'Ashleigh Kirlin', 'Beatae autem rem voluptatibus. Temporibus dicta praesentium fuga ducimus. Quia sit blanditiis reiciendis sit. Ducimus enim est ullam et neque.', 4, '2018-12-06 13:16:04', '2018-12-06 13:16:04'),
(62, 3, 'Rafael Reinger MD', 'Et temporibus deserunt enim excepturi. In iure quis expedita adipisci. Perferendis quos sunt vel voluptatum esse.', 2, '2018-12-06 13:16:04', '2018-12-06 13:16:04'),
(63, 22, 'Lydia Kshlerin DVM', 'Quaerat ut odio dolorem quae. Non facilis ex provident et ducimus sint autem. Dolores omnis pariatur dolorem at.', 3, '2018-12-06 13:16:04', '2018-12-06 13:16:04'),
(64, 36, 'Dr. Kiara Schultz I', 'Ut architecto id qui dolore rerum est facere. Repellat aut aut accusamus sed et. Numquam at assumenda quibusdam ex doloremque.', 1, '2018-12-06 13:16:04', '2018-12-06 13:16:04'),
(65, 35, 'Madalyn Zemlak', 'Distinctio enim repellendus incidunt sed veritatis sapiente. Veritatis facilis nam nihil aut. Veritatis quam voluptatem dicta architecto.', 2, '2018-12-06 13:16:04', '2018-12-06 13:16:04'),
(66, 35, 'Uriah Corwin', 'Et velit cum quod vero voluptatem ullam eaque. Sunt odio ut molestiae et quae rerum assumenda. Officia eius officia praesentium porro. Fugiat perferendis libero omnis incidunt corporis ullam alias.', 4, '2018-12-06 13:16:04', '2018-12-06 13:16:04'),
(67, 9, 'Ms. Kamille Leannon Jr.', 'Laudantium vero harum maxime delectus officia. Vel facere eius optio adipisci dolorem. Nihil minus nostrum ipsum quae sunt velit aut.', 5, '2018-12-06 13:16:04', '2018-12-06 13:16:04'),
(68, 22, 'Ms. Assunta Gorczany Jr.', 'Voluptatem cumque ab occaecati ipsam. Et sed atque illum atque. Quod ad veniam accusantium. Doloremque impedit quo id corporis omnis. Quaerat non aperiam id voluptatum.', 3, '2018-12-06 13:16:04', '2018-12-06 13:16:04'),
(69, 4, 'Ms. Lessie Padberg', 'Tenetur amet voluptate accusamus cupiditate at voluptatum delectus. Officiis saepe exercitationem ipsam doloremque eum veniam qui. Aut minus eveniet sunt animi dolores qui et delectus. Aut dolor commodi nulla cumque et.', 3, '2018-12-06 13:16:04', '2018-12-06 13:16:04'),
(70, 20, 'Ms. Sabryna Kunze Jr.', 'Mollitia aut qui porro rem velit. Libero porro sunt id quia natus optio accusantium.', 3, '2018-12-06 13:16:04', '2018-12-06 13:16:04'),
(71, 27, 'Prof. Gregorio Ruecker DDS', 'Quo dolor sint quisquam id veritatis. Itaque voluptatum sapiente eum ipsam cumque. Sunt maxime quo in quis quia voluptatem veniam veniam.', 1, '2018-12-06 13:16:04', '2018-12-06 13:16:04'),
(72, 27, 'Rhea Witting', 'Temporibus iusto aut aut voluptatem qui nulla facilis. Beatae ut cumque voluptatem. Ullam quia aliquam architecto. Et at nemo eligendi laborum ut enim autem.', 1, '2018-12-06 13:16:04', '2018-12-06 13:16:04'),
(73, 27, 'Zachery Torphy', 'Recusandae id voluptate at animi omnis beatae rerum placeat. Sunt culpa iure cum blanditiis eaque ut rerum eum. Molestiae ipsum dicta itaque sunt voluptatem. Quis qui quisquam aut consequuntur.', 5, '2018-12-06 13:16:04', '2018-12-06 13:16:04'),
(74, 37, 'Prof. Perry Russel', 'Sit deserunt voluptatem eos ex ullam. Veniam est officiis ut vitae explicabo. Porro sed voluptatem consequatur et qui. Atque maxime minima aspernatur qui ea veritatis. Dignissimos architecto dolore ea quam impedit delectus.', 1, '2018-12-06 13:16:04', '2018-12-06 13:16:04'),
(75, 43, 'Elody Braun', 'Pariatur incidunt minus eius veritatis. Aspernatur sapiente eligendi facilis asperiores rerum quo magni. Asperiores excepturi consequuntur aut et aut. Ut nostrum magni reprehenderit quae fugiat dolores.', 3, '2018-12-06 13:16:04', '2018-12-06 13:16:04'),
(76, 37, 'Kayla Pouros', 'Quo nulla culpa ducimus voluptatem. Et facilis placeat rem placeat qui iusto beatae. Voluptate animi velit dolorem dolor.', 3, '2018-12-06 13:16:04', '2018-12-06 13:16:04'),
(77, 2, 'Addie Ortiz', 'Doloremque earum aut dolor ut sunt soluta quia consequuntur. Minima accusamus suscipit libero explicabo rerum quo magnam. Sit neque asperiores tempora rerum et quisquam aperiam quasi. Autem inventore autem quos repudiandae. Illum sint fuga rerum tempora omnis repudiandae aut.', 5, '2018-12-06 13:16:04', '2018-12-06 13:16:04'),
(78, 18, 'Dovie Wolff', 'Totam asperiores culpa modi voluptatem rerum. Est laudantium aut perferendis qui. A corrupti voluptatem est rerum occaecati reprehenderit temporibus accusamus. Qui nihil culpa delectus maxime reiciendis.', 0, '2018-12-06 13:16:04', '2018-12-06 13:16:04'),
(79, 39, 'Maddison Witting', 'Et nisi soluta accusantium ea. Deserunt illo dolor voluptas dignissimos. Aut aliquam nihil fugiat sunt aut. Reprehenderit aut odio rerum itaque.', 5, '2018-12-06 13:16:04', '2018-12-06 13:16:04'),
(80, 36, 'Cordelia Wolf DVM', 'Vel dolor optio sit molestiae. Nemo officiis ut quas. Culpa praesentium aspernatur voluptatibus dolorum. Vel impedit distinctio rerum ut deserunt itaque.', 4, '2018-12-06 13:16:04', '2018-12-06 13:16:04'),
(81, 20, 'Dr. Amara DuBuque', 'Rerum inventore qui aut quis harum aliquam vel. Accusantium voluptatum non qui ut repellat consequatur. Maiores maxime soluta sit nam quos error.', 5, '2018-12-06 13:16:04', '2018-12-06 13:16:04'),
(82, 35, 'Vena Turner', 'Fugit sit impedit odit voluptate et tempora. Ipsam sequi consequatur earum error voluptatem beatae molestiae. Aliquid iste ut exercitationem consequuntur amet deserunt. Minima voluptas non alias vitae autem temporibus aliquid est.', 2, '2018-12-06 13:16:04', '2018-12-06 13:16:04'),
(83, 48, 'Maya Hoeger', 'Ut eum dolor rerum rerum ut autem. Iure quia ipsum fugit consequatur fugiat laboriosam accusamus. Autem ex sunt aliquid eum voluptates nostrum.', 5, '2018-12-06 13:16:04', '2018-12-06 13:16:04'),
(84, 23, 'Eliza Volkman', 'Aperiam ut earum optio aut porro et. Reprehenderit fugit eum qui facilis maxime tenetur sit. Ullam vel et non aspernatur dolores dicta.', 5, '2018-12-06 13:16:04', '2018-12-06 13:16:04'),
(85, 30, 'Tessie Crooks IV', 'Eum rerum velit quo illo quo aliquam ex. Distinctio blanditiis ut veritatis et. Veritatis eaque est qui ut.', 4, '2018-12-06 13:16:04', '2018-12-06 13:16:04'),
(86, 6, 'Osvaldo Toy', 'Sit a perferendis ad id soluta. Sit neque velit eum facere illum quia fugit. Rem quia corrupti et aut veniam consequuntur libero. Dolor magni adipisci iusto quis quia porro.', 2, '2018-12-06 13:16:04', '2018-12-06 13:16:04'),
(87, 24, 'Karlee Davis', 'Omnis officia eos exercitationem praesentium dolores. Occaecati aperiam laborum et accusamus nesciunt repellat. Asperiores quaerat aspernatur pariatur voluptas. Voluptas laudantium et consequatur rem nostrum ad debitis.', 5, '2018-12-06 13:16:04', '2018-12-06 13:16:04'),
(88, 16, 'Brayan Bauch IV', 'Deserunt est itaque reiciendis vitae et omnis eius. Distinctio et aut iusto debitis officia eos sit. Optio qui voluptas non eligendi. Dolorum molestias et eius vero quam.', 1, '2018-12-06 13:16:04', '2018-12-06 13:16:04'),
(89, 28, 'Cydney O\'Kon V', 'Iure consequatur praesentium ut nam magni quo et voluptates. Optio odit sit voluptas dolores perferendis. Vel quis voluptatem iusto perferendis et sint totam veniam.', 4, '2018-12-06 13:16:04', '2018-12-06 13:16:04'),
(90, 48, 'Dr. Ned Dickinson DVM', 'Omnis illo et voluptatum quas velit sit dignissimos. Quaerat dolor quasi iste nemo sit vel omnis. Sit officia maxime cum excepturi fuga ad corporis porro.', 4, '2018-12-06 13:16:04', '2018-12-06 13:16:04'),
(91, 18, 'Mrs. Justina Wuckert Sr.', 'Cupiditate autem at autem. Veritatis excepturi repellendus labore vitae facere et. Sed ut tenetur dolore id ex animi incidunt. Earum in tempore voluptatum rerum et.', 2, '2018-12-06 13:16:04', '2018-12-06 13:16:04'),
(92, 35, 'Jed Barton', 'Reiciendis nesciunt et dolore. Non ut beatae sit ex. Dolorem consequatur amet aperiam tenetur iusto voluptatem architecto necessitatibus. Alias dolor commodi blanditiis amet.', 0, '2018-12-06 13:16:04', '2018-12-06 13:16:04'),
(93, 42, 'Norma Hand', 'Et et ut earum facere voluptas vitae odio. Veniam accusamus dolores eveniet inventore et asperiores. Sed nemo dolor dolor eos.', 2, '2018-12-06 13:16:04', '2018-12-06 13:16:04'),
(94, 6, 'Maegan Hermann', 'Voluptatibus repellat quia est dolor. Est nulla fugit iste et eum voluptates impedit quis. Praesentium laudantium non qui est.', 3, '2018-12-06 13:16:04', '2018-12-06 13:16:04'),
(95, 32, 'Maximus Metz', 'Ea nostrum quae fugit quibusdam rerum iusto quis. Sit nulla incidunt non fugiat qui. Cum ea voluptate molestias dolore quod aut quidem nesciunt.', 5, '2018-12-06 13:16:04', '2018-12-06 13:16:04'),
(96, 13, 'Garrett Rogahn DVM', 'Velit asperiores et laudantium quis omnis iste. Sunt maiores et dolor veritatis odio aliquid et. Perspiciatis vitae ut autem. In eos dolores sunt quo.', 0, '2018-12-06 13:16:04', '2018-12-06 13:16:04'),
(97, 36, 'Mr. Jarrod Okuneva', 'Sit ipsum rerum voluptatum officiis quo neque qui. Veritatis est temporibus repellendus et est. Necessitatibus quis assumenda eligendi qui similique labore eos soluta. Tempora consequatur alias soluta. Sunt sit officiis minus nihil sunt itaque.', 4, '2018-12-06 13:16:04', '2018-12-06 13:16:04'),
(98, 30, 'Octavia Grady', 'Non est ut voluptates laboriosam nostrum sint ipsum officiis. Facere quasi sunt et distinctio veritatis laboriosam rerum. Labore odio eveniet recusandae et ipsam inventore. Nesciunt occaecati voluptatem dolores qui maiores earum velit.', 4, '2018-12-06 13:16:04', '2018-12-06 13:16:04'),
(99, 38, 'Burley O\'Reilly', 'Sed quod et occaecati ipsum sit dolorum. Impedit cupiditate quasi omnis in et fuga.', 1, '2018-12-06 13:16:04', '2018-12-06 13:16:04'),
(100, 13, 'Dennis Lang Jr.', 'Nisi deserunt blanditiis commodi quam aut dolorum. Aspernatur autem eius iste enim aut rerum sunt excepturi. Quidem error voluptatum aut et. Quis soluta itaque pariatur enim ut non dolorum.', 3, '2018-12-06 13:16:04', '2018-12-06 13:16:04'),
(101, 31, 'Gretchen Kiehn', 'Exercitationem quo repellendus mollitia suscipit repudiandae natus et. Dolore possimus ut et distinctio vel sed in. Dolor blanditiis eligendi praesentium aut est vel et accusamus.', 3, '2018-12-06 13:16:04', '2018-12-06 13:16:04'),
(102, 9, 'Jeramie McKenzie', 'Hic sed accusantium optio distinctio. Quo ut sunt recusandae quia ex. Cum nulla autem vero velit magnam deleniti. Minima velit adipisci occaecati maxime quasi libero.', 3, '2018-12-06 13:16:04', '2018-12-06 13:16:04'),
(103, 48, 'Reyna Carter', 'Velit quidem sint et est. Consequuntur dolores aut atque et quia voluptas minus quam. Quia deleniti ipsa est nulla perferendis vero repellendus. Voluptatum enim cumque distinctio voluptate. Omnis et inventore omnis tempore.', 1, '2018-12-06 13:16:04', '2018-12-06 13:16:04'),
(104, 40, 'Mr. Terrence Cole DVM', 'In qui sint id dolor fugit. Aut at in perferendis quam debitis totam. Ut quod voluptatem et magnam quia culpa. Autem quis quae ratione non beatae sed qui.', 2, '2018-12-06 13:16:04', '2018-12-06 13:16:04'),
(105, 14, 'Mr. Jamaal O\'Kon Jr.', 'Fuga asperiores perspiciatis id repellat ipsa consequatur. Quaerat dignissimos nihil qui. Aut sunt impedit minima. Recusandae est nihil quas quasi error omnis error.', 4, '2018-12-06 13:16:04', '2018-12-06 13:16:04'),
(106, 35, 'Kavon Monahan', 'Et deleniti voluptatibus optio placeat quod qui est. Consequatur enim aut qui earum. Ullam sunt delectus aut est velit quia molestias in. Expedita sequi ullam aut rerum sed qui non.', 3, '2018-12-06 13:16:04', '2018-12-06 13:16:04'),
(107, 23, 'Christian Wisoky', 'Quod aut et quis aut maiores facere. At sunt aliquid in. Ducimus eveniet vel perspiciatis libero sunt mollitia architecto. Sint adipisci qui quasi est distinctio eos quis minima.', 2, '2018-12-06 13:16:04', '2018-12-06 13:16:04'),
(108, 49, 'Narciso Goodwin', 'Consequatur in omnis ut. Quia commodi porro dolorem beatae consequatur dolores. Voluptates minima voluptatibus doloremque dolorem numquam soluta laudantium.', 1, '2018-12-06 13:16:04', '2018-12-06 13:16:04'),
(109, 42, 'Dr. Austyn Ernser III', 'Adipisci saepe adipisci ex. Maiores ducimus esse dolor dolor nam. Soluta aut sapiente vero quia reiciendis.', 1, '2018-12-06 13:16:04', '2018-12-06 13:16:04'),
(110, 47, 'Vicenta Farrell', 'Ad illo est ea occaecati. Voluptas commodi tempore quasi reprehenderit vero delectus laborum. Expedita reprehenderit natus quos quis id pariatur. Eveniet aspernatur sit expedita. Quia recusandae doloremque officia.', 1, '2018-12-06 13:16:04', '2018-12-06 13:16:04'),
(111, 41, 'Willis Emard DVM', 'Deserunt veniam unde quidem minima veniam impedit id. Mollitia hic et ratione. Dolor tenetur totam culpa voluptatum voluptates soluta.', 2, '2018-12-06 13:16:04', '2018-12-06 13:16:04'),
(112, 7, 'Hershel Goodwin II', 'Ab exercitationem iure exercitationem repellat. Autem totam eaque ea qui. Fuga aut qui consectetur reiciendis adipisci tenetur. Quidem deserunt ut iure non doloremque quos nostrum.', 0, '2018-12-06 13:16:04', '2018-12-06 13:16:04'),
(113, 50, 'Elliot Reilly', 'Beatae in praesentium deserunt quaerat magni voluptates recusandae. In aspernatur eligendi quasi sit nesciunt reiciendis omnis. Cumque fugiat illo voluptates asperiores.', 4, '2018-12-06 13:16:04', '2018-12-06 13:16:04'),
(114, 39, 'Prof. Rickey Stoltenberg', 'Animi minima odit quo nostrum dolores. Quae et aliquam minus porro nam harum. Distinctio consequatur nihil atque. Vel quia impedit incidunt sint aperiam qui.', 0, '2018-12-06 13:16:04', '2018-12-06 13:16:04'),
(115, 23, 'Darien Fisher', 'Cumque eligendi aliquid est ut tempora voluptas assumenda. Aut qui magni eos voluptatem eveniet dolorem vel. Commodi commodi ut fugiat autem. Adipisci omnis assumenda enim ut voluptatem ut fugit.', 0, '2018-12-06 13:16:04', '2018-12-06 13:16:04'),
(116, 28, 'Camron Kerluke', 'Minus omnis perferendis reiciendis ad beatae tempora ratione et. Mollitia veniam sed soluta non sit. Sit ipsa consectetur omnis quibusdam. Laborum enim labore incidunt et et suscipit.', 3, '2018-12-06 13:16:04', '2018-12-06 13:16:04'),
(117, 24, 'Mr. Matt Ward', 'Eum adipisci eaque nostrum possimus. Aperiam enim tenetur quia deleniti minus autem laboriosam. Consectetur quos ducimus temporibus eligendi mollitia aut labore consequatur. Ducimus eius nobis magnam esse.', 4, '2018-12-06 13:16:04', '2018-12-06 13:16:04'),
(118, 16, 'Catharine Stroman', 'Porro et voluptatibus qui beatae. Quia voluptatem sunt voluptatum eaque itaque iusto nemo. Possimus molestiae praesentium reprehenderit blanditiis vel enim vel consequatur. Doloremque nam totam et consequatur voluptas inventore aut.', 4, '2018-12-06 13:16:04', '2018-12-06 13:16:04'),
(119, 28, 'Mr. Adan Nader DDS', 'Aperiam ea tempora quia sit cupiditate distinctio fugit. Ut nisi illo dignissimos dolore itaque enim. Molestiae delectus laboriosam tempore eum natus dolore quidem.', 3, '2018-12-06 13:16:04', '2018-12-06 13:16:04'),
(120, 25, 'Ms. Irma Price PhD', 'Accusantium suscipit consectetur libero laborum in adipisci. Dignissimos nihil numquam et accusamus veniam exercitationem. Sunt earum quia quo pariatur commodi.', 0, '2018-12-06 13:16:04', '2018-12-06 13:16:04'),
(121, 8, 'Abagail Spinka', 'Molestias accusamus illum ut et est cumque. Est ipsum doloremque consequatur. Repudiandae ut maiores nulla facere quia dolor. Cumque est alias praesentium repellendus.', 2, '2018-12-06 13:16:04', '2018-12-06 13:16:04'),
(122, 6, 'Dr. Stewart Legros MD', 'Velit reiciendis dolor atque quam excepturi omnis officiis veniam. Officiis nulla ex rem et. Ut quaerat eum porro aut in. Qui asperiores maxime voluptates itaque.', 1, '2018-12-06 13:16:04', '2018-12-06 13:16:04'),
(123, 30, 'Paolo Mertz DDS', 'Accusamus sapiente corporis velit voluptas officia quis commodi dolore. Accusamus dolorum iusto debitis tenetur iusto id. Ea debitis rerum delectus sint nulla quasi. Rem nobis vero pariatur consectetur omnis.', 1, '2018-12-06 13:16:04', '2018-12-06 13:16:04'),
(124, 43, 'Prof. Jerod Huels', 'Nostrum aut dignissimos officia dolorem aspernatur quia dolor. Sit quam ut alias neque optio. Illum distinctio autem vel. Quibusdam dicta mollitia necessitatibus aperiam omnis.', 4, '2018-12-06 13:16:04', '2018-12-06 13:16:04'),
(125, 12, 'Dr. Lindsey Lockman IV', 'Natus ut non illo sit. Quia itaque cumque dolorem ut dignissimos totam. Quo eos sit quis.', 5, '2018-12-06 13:16:04', '2018-12-06 13:16:04'),
(126, 18, 'Ebba Stoltenberg', 'Eveniet quae suscipit dolorem error. Ab esse dignissimos qui unde ipsa. Dolores natus enim nihil dolores iste tempore qui aliquam. Eos facilis quia sint molestias corporis et consectetur ut.', 5, '2018-12-06 13:16:04', '2018-12-06 13:16:04'),
(127, 33, 'Prof. Carlie Corwin', 'Repellendus deserunt id facilis laborum et aut id. Iste natus aut voluptatem. Officiis numquam est nesciunt voluptatem et enim ut quibusdam.', 2, '2018-12-06 13:16:04', '2018-12-06 13:16:04'),
(128, 39, 'Mayra Dietrich', 'Culpa eos nemo accusantium suscipit eius reprehenderit. Qui rerum non officiis similique vitae nobis ea. Praesentium totam placeat delectus vitae et tempore. Quo doloremque iste enim blanditiis. Quisquam tempora minima labore laudantium.', 4, '2018-12-06 13:16:04', '2018-12-06 13:16:04'),
(129, 19, 'Mr. Weston Will MD', 'Dicta eum officiis soluta cupiditate repellendus voluptatum id. Quod molestiae iure recusandae est consectetur sed sed. Sit soluta recusandae non est omnis fugiat rerum.', 5, '2018-12-06 13:16:04', '2018-12-06 13:16:04'),
(130, 36, 'Wilber Ziemann', 'Asperiores amet velit ut harum magni. Quidem et nisi dolores aut. Velit debitis et tempore odio et et. Ea alias ea culpa consequatur ipsa aperiam omnis. Ut cupiditate architecto pariatur nam pariatur aut.', 0, '2018-12-06 13:16:04', '2018-12-06 13:16:04'),
(131, 31, 'Mrs. Trycia Yost II', 'Voluptatem ipsam est voluptatibus aut ut. Ipsum perspiciatis cupiditate est quidem nisi minus. Aut dicta ipsum ea modi cum laudantium. Officiis est cumque sit enim placeat in.', 0, '2018-12-06 13:16:04', '2018-12-06 13:16:04'),
(132, 17, 'Hassie Witting', 'Architecto doloribus molestiae eligendi et qui eaque esse. Similique ut sed eum occaecati.', 4, '2018-12-06 13:16:04', '2018-12-06 13:16:04'),
(133, 13, 'Austyn Rutherford', 'Vero eligendi ad quia recusandae tempore. Iste eos neque nemo illum atque sit quae recusandae. Saepe voluptatem sed dolor mollitia. Eligendi in aut voluptas nulla nostrum autem accusantium.', 5, '2018-12-06 13:16:04', '2018-12-06 13:16:04'),
(134, 11, 'Domingo Waters II', 'Dolor sit quia delectus expedita velit qui nostrum et. Sapiente quidem doloribus odio minus pariatur. Perferendis qui eius ratione sint ut tenetur aut. Et sit enim et repellat commodi debitis fugiat. Consequatur et pariatur dolor maiores omnis occaecati est suscipit.', 4, '2018-12-06 13:16:04', '2018-12-06 13:16:04'),
(135, 31, 'Eve Zulauf IV', 'Qui dolor laboriosam quas. Autem occaecati facilis autem voluptas. Quas aut velit nisi dolore doloribus aspernatur.', 4, '2018-12-06 13:16:04', '2018-12-06 13:16:04'),
(136, 2, 'Samson Hermann', 'Eum id sit explicabo et. Modi maxime voluptatibus laborum accusamus porro qui. Quas reiciendis suscipit sapiente eos autem totam.', 0, '2018-12-06 13:16:04', '2018-12-06 13:16:04'),
(137, 2, 'Alta Batz', 'Consectetur sequi accusamus quaerat dolor. Eaque ut omnis dignissimos aliquam vel laborum. Assumenda et aut tempora aliquid in maiores officia.', 3, '2018-12-06 13:16:04', '2018-12-06 13:16:04'),
(138, 3, 'Kevon Thompson', 'Nostrum vel totam quod quae minus. Aliquid et quia est id. Quod fugit perferendis eos voluptate veritatis provident. Illum laboriosam aliquam cumque repellat.', 2, '2018-12-06 13:16:04', '2018-12-06 13:16:04'),
(139, 9, 'Gabe Cartwright', 'Facere alias laudantium quibusdam cum. Dolores ab dicta deleniti molestias corporis nostrum vel doloremque. Dolor consequuntur velit voluptatem impedit nesciunt blanditiis. Repudiandae dolor laboriosam et excepturi.', 5, '2018-12-06 13:16:04', '2018-12-06 13:16:04'),
(140, 22, 'Emerald Stehr', 'Aut exercitationem qui quibusdam veniam nisi hic qui. Sed ut et est excepturi dolores aut. Ut voluptatem iure non est velit omnis. Et nostrum nam molestiae aut.', 1, '2018-12-06 13:16:04', '2018-12-06 13:16:04'),
(141, 39, 'Cassie Johnston', 'Unde hic sunt aut qui fugit dolores veniam quia. Id in asperiores amet. Non ullam et et voluptatem.', 2, '2018-12-06 13:16:04', '2018-12-06 13:16:04'),
(142, 14, 'Chesley Paucek V', 'Ut soluta beatae quis in omnis. Illo tempore vel molestias molestiae nobis alias et repellendus. Dolor voluptatem magni ut ullam iusto assumenda. Recusandae aut amet consequatur soluta.', 1, '2018-12-06 13:16:04', '2018-12-06 13:16:04'),
(143, 45, 'Samara Nicolas', 'Aut ut totam eum cupiditate voluptatem rerum. Nesciunt dolores eum expedita adipisci. Cumque voluptatibus cum voluptas in.', 2, '2018-12-06 13:16:04', '2018-12-06 13:16:04'),
(144, 14, 'Eliseo Baumbach', 'Deserunt in sed eveniet quidem molestias et dolores rerum. Et odit rem quis eveniet veniam et rerum. Facilis beatae et vero et nesciunt est. Quia recusandae cum sunt numquam.', 0, '2018-12-06 13:16:04', '2018-12-06 13:16:04'),
(145, 10, 'Yadira Mayer DVM', 'Ratione et totam voluptates qui vel animi. Ut aliquam eaque qui minima autem. Eum esse et consequatur accusantium vitae illo sequi. Qui excepturi et sed expedita provident et repudiandae et.', 2, '2018-12-06 13:16:04', '2018-12-06 13:16:04'),
(146, 14, 'Emmitt Hoeger PhD', 'Incidunt sit non rerum et. Maiores atque et placeat atque expedita quo ut. Possimus incidunt quos quia.', 1, '2018-12-06 13:16:04', '2018-12-06 13:16:04'),
(147, 15, 'Prof. Alan Koelpin DVM', 'Est incidunt quos eaque delectus voluptate eos esse. A sed id incidunt reprehenderit officiis id. Aliquam beatae quia tempore fugiat qui earum iusto. Enim nesciunt alias animi.', 3, '2018-12-06 13:16:04', '2018-12-06 13:16:04'),
(148, 48, 'Ms. Estel Bogan DDS', 'Et laboriosam quo delectus cumque. Omnis voluptas eos alias cupiditate eum repellat.', 0, '2018-12-06 13:16:04', '2018-12-06 13:16:04'),
(149, 48, 'Mr. Oral Brekke Jr.', 'Alias dolores omnis eius non. Doloremque qui quis eaque quam quo. Et animi et dolor beatae non nobis. Laudantium voluptate voluptatem ut architecto vero quisquam hic.', 5, '2018-12-06 13:16:04', '2018-12-06 13:16:04'),
(150, 29, 'Gardner Schneider', 'Ut explicabo aperiam ipsum dolore iste consequuntur repellat. Ea inventore enim libero quia voluptas voluptas vel. Aut sunt occaecati quis fuga sint illo.', 2, '2018-12-06 13:16:04', '2018-12-06 13:16:04'),
(151, 11, 'Arianna Goyette', 'Beatae quibusdam quod et quo. Nostrum autem doloremque minima sed vel. Eum est id beatae explicabo sequi et illo cum.', 2, '2018-12-06 13:16:04', '2018-12-06 13:16:04'),
(152, 50, 'Brody Murazik', 'Qui amet nihil molestiae accusantium rerum et. Dolorum quas corporis beatae temporibus consequatur. Quo omnis ipsam et.', 0, '2018-12-06 13:16:04', '2018-12-06 13:16:04'),
(153, 30, 'Viviane Ferry', 'Eos officiis mollitia natus harum cupiditate. Officiis dolore quasi voluptatem voluptas. Sint cupiditate eos consequatur et. Saepe voluptatum deserunt sed sint ea consequatur veniam.', 5, '2018-12-06 13:16:04', '2018-12-06 13:16:04'),
(154, 26, 'Bell Stanton', 'Molestiae ipsa et et et omnis. Vel vel rerum itaque dolorum. Expedita et omnis blanditiis architecto aut officia. Labore aut blanditiis dolorum et neque dicta ut voluptas.', 1, '2018-12-06 13:16:04', '2018-12-06 13:16:04'),
(155, 22, 'Katharina Moore', 'Porro ab in sit impedit. Laudantium est maiores voluptatem quia ab. Modi quaerat repellendus corrupti magnam repudiandae expedita. Voluptatem id expedita nulla tempore fuga.', 5, '2018-12-06 13:16:04', '2018-12-06 13:16:04'),
(156, 10, 'Scotty Dooley', 'Ipsam voluptatem magni ut sit. Ut neque pariatur vel velit rerum quas. Nemo quaerat nemo dolor dolores dicta quam voluptas.', 2, '2018-12-06 13:16:04', '2018-12-06 13:16:04'),
(157, 45, 'Miss Mercedes Wisozk', 'Provident commodi ad at necessitatibus sint. Omnis praesentium doloribus omnis. Voluptatem ut aut nemo consequuntur in.', 1, '2018-12-06 13:16:04', '2018-12-06 13:16:04'),
(158, 40, 'Dr. Bernhard Ondricka', 'Ipsa sunt nihil non est veniam. Labore est sed non veritatis non eveniet. Ut reiciendis ducimus molestiae deleniti.', 2, '2018-12-06 13:16:04', '2018-12-06 13:16:04'),
(159, 13, 'Dr. Tyler Muller', 'Ipsa dolorem eius quis recusandae. Quos eum dignissimos velit occaecati voluptatem. Recusandae amet eum corrupti quidem. Quod dolore quia explicabo et. Sunt voluptates incidunt fugit.', 5, '2018-12-06 13:16:04', '2018-12-06 13:16:04'),
(160, 43, 'Aracely Casper I', 'Cum hic odio inventore ut rerum. Ut sequi deserunt rerum harum animi est. Optio eos aut consequatur nesciunt at quia nulla. Iusto commodi corporis consequuntur.', 3, '2018-12-06 13:16:04', '2018-12-06 13:16:04'),
(161, 42, 'Dr. Genoveva Reichel IV', 'Quia consequatur illum sapiente eos dignissimos iusto commodi. Dolorum aut doloribus et. Qui aliquid quo sint recusandae et.', 2, '2018-12-06 13:16:04', '2018-12-06 13:16:04'),
(162, 40, 'Savanna Wuckert Sr.', 'Ducimus est qui sit non consequatur autem. Aperiam eum velit deleniti eum consequuntur sit fuga. Est ut eum dolor doloremque eos voluptas.', 4, '2018-12-06 13:16:04', '2018-12-06 13:16:04'),
(163, 40, 'Jared Olson', 'Occaecati dolores suscipit est et repellendus. Nemo nobis molestias quidem soluta aut voluptatem. Voluptas vero rem ut repellat omnis.', 2, '2018-12-06 13:16:04', '2018-12-06 13:16:04'),
(164, 28, 'Dr. Llewellyn Rolfson', 'Beatae minus cupiditate cumque nesciunt. Iusto quidem dolor atque tempore molestiae. Cum corrupti soluta sed rem.', 4, '2018-12-06 13:16:04', '2018-12-06 13:16:04'),
(165, 42, 'Prof. Valerie Goldner', 'In non reiciendis voluptatem blanditiis inventore sunt optio. Enim et et consectetur adipisci. Quas voluptatem reiciendis cum provident. Voluptas ab nulla mollitia ab totam rerum aut. Dicta aut aspernatur dolorem quo omnis minima.', 0, '2018-12-06 13:16:04', '2018-12-06 13:16:04'),
(166, 9, 'Mr. Chandler Robel I', 'Praesentium molestias sed quod ut enim dolores. Nobis qui incidunt autem et.', 2, '2018-12-06 13:16:04', '2018-12-06 13:16:04'),
(167, 48, 'Ronaldo Grimes Sr.', 'Officiis commodi ut vel. Rerum sed repudiandae consequuntur sit fuga.', 1, '2018-12-06 13:16:04', '2018-12-06 13:16:04'),
(168, 36, 'Cierra Spencer Jr.', 'In ut est temporibus assumenda laborum unde illum enim. Necessitatibus quam est commodi sapiente quo. Laborum non ipsum ea pariatur cum qui commodi. Et hic distinctio quia ipsum minus et sint. Dolor non explicabo maxime perferendis vel et.', 3, '2018-12-06 13:16:04', '2018-12-06 13:16:04'),
(169, 50, 'Mr. Dayne Hessel DVM', 'Dignissimos impedit voluptates animi ea qui aperiam. Est a et quod. Ab placeat voluptatibus rerum nulla veritatis atque consequatur fugiat. Sit quam aspernatur est repellendus.', 5, '2018-12-06 13:16:04', '2018-12-06 13:16:04'),
(170, 40, 'Carissa Gerhold', 'Rem accusamus quia et dolor magnam placeat. Voluptatibus voluptas dolores maiores qui eum voluptas. Optio perferendis quis esse natus. Facere vel cum qui officiis adipisci modi earum.', 3, '2018-12-06 13:16:04', '2018-12-06 13:16:04'),
(171, 34, 'Retha Lehner', 'Quam dolorem expedita at nobis voluptatibus esse. Vel eaque voluptatem necessitatibus deleniti.', 3, '2018-12-06 13:16:04', '2018-12-06 13:16:04'),
(172, 16, 'Mona Carter', 'Unde dignissimos sunt et unde ad consectetur ut aut. Quaerat accusamus suscipit corrupti aut enim aut et. Voluptatem beatae et sed provident. Et sit ut occaecati nobis sed esse temporibus inventore.', 3, '2018-12-06 13:16:04', '2018-12-06 13:16:04'),
(173, 39, 'Vance Langworth', 'Laboriosam consequatur deleniti rerum quibusdam. Eum eum error et harum accusamus. Quia sunt veritatis eos omnis sunt mollitia.', 5, '2018-12-06 13:16:04', '2018-12-06 13:16:04'),
(174, 44, 'Dr. Franco Feest V', 'Officia ad eius est libero omnis. Facere qui distinctio earum quam. Nam enim suscipit magnam reprehenderit molestias rem. Adipisci saepe voluptas est eum.', 2, '2018-12-06 13:16:04', '2018-12-06 13:16:04'),
(175, 8, 'Porter Trantow', 'Dolore et qui quasi aperiam consequuntur maxime sunt commodi. Totam cum sapiente voluptatem aut. Sint vero saepe corporis nesciunt maiores rerum molestias nemo. Nulla reprehenderit molestiae aliquam voluptates quia natus.', 2, '2018-12-06 13:16:04', '2018-12-06 13:16:04'),
(176, 8, 'Griffin Hyatt', 'Qui dicta neque harum voluptatibus officiis eaque est. Voluptatem cumque iusto aperiam repellat eum.', 4, '2018-12-06 13:16:04', '2018-12-06 13:16:04'),
(177, 7, 'Miss Jayda Abshire V', 'Omnis eaque voluptas perferendis a molestias maxime. Aliquam sit dolor alias provident et facere et. Nulla sunt explicabo voluptatem quia non culpa molestiae vero.', 5, '2018-12-06 13:16:04', '2018-12-06 13:16:04'),
(178, 44, 'Gerhard Howe', 'Consequatur reiciendis culpa neque est odit. Ut similique ut illo totam perspiciatis. Veritatis officiis corporis voluptate qui.', 1, '2018-12-06 13:16:04', '2018-12-06 13:16:04'),
(179, 42, 'Ebony Hermann', 'Libero est cupiditate officia illo doloribus consequatur. Voluptatem consequuntur dolorem quae et id. Est quis natus quos nobis consectetur illum molestiae earum.', 3, '2018-12-06 13:16:04', '2018-12-06 13:16:04'),
(180, 5, 'Nelda Murazik', 'Et distinctio impedit debitis ut blanditiis et. Perspiciatis sapiente cupiditate impedit vero est iure consectetur. Laborum ea ut perspiciatis aut qui nihil. Blanditiis eveniet consequatur amet cupiditate libero.', 0, '2018-12-06 13:16:04', '2018-12-06 13:16:04'),
(181, 36, 'Dr. Kenny Heathcote Jr.', 'Est assumenda suscipit doloribus placeat dolor non. Quasi dignissimos voluptatibus omnis exercitationem sapiente dicta esse. Tempore explicabo ut doloremque non quidem. Quo itaque ad in nesciunt unde sunt molestias. Consequatur vero magni ipsa repellat aut rerum iure.', 4, '2018-12-06 13:16:04', '2018-12-06 13:16:04'),
(182, 33, 'Aron Osinski', 'Inventore natus placeat ab sed quod tenetur tenetur. Atque sed aliquam nobis quibusdam velit facilis. Voluptas ut ducimus adipisci iure aut.', 0, '2018-12-06 13:16:04', '2018-12-06 13:16:04'),
(183, 41, 'Jacky Kozey', 'Reprehenderit modi reiciendis omnis enim porro pariatur dignissimos. Quibusdam dicta consequuntur sint deleniti eos. Voluptas ullam autem consequatur provident et ea.', 1, '2018-12-06 13:16:04', '2018-12-06 13:16:04'),
(184, 33, 'Ms. Sarah Ortiz', 'Consequatur enim ut ut omnis aliquam incidunt. Cupiditate accusantium iusto esse. Occaecati sit iure in molestiae laboriosam.', 1, '2018-12-06 13:16:04', '2018-12-06 13:16:04'),
(185, 4, 'Weston Adams', 'Alias et dignissimos deserunt in illum a. Blanditiis voluptatem in quia est laborum aut. Voluptatibus nam cupiditate aliquid debitis atque placeat.', 1, '2018-12-06 13:16:04', '2018-12-06 13:16:04'),
(186, 40, 'Kaylie Bosco', 'Repellat consequatur eius aut non qui. Ut ad consequatur alias tempore optio impedit. Fuga optio perspiciatis omnis ut repellendus eaque voluptatem et.', 1, '2018-12-06 13:16:04', '2018-12-06 13:16:04'),
(187, 5, 'Vivianne Lueilwitz', 'Consequuntur consequuntur hic qui odio. Est libero adipisci quo repudiandae. Enim nihil nobis numquam aut.', 0, '2018-12-06 13:16:04', '2018-12-06 13:16:04'),
(188, 15, 'Dr. Alec Nicolas', 'Perferendis voluptas enim rerum cumque. Repellendus ut corrupti dignissimos est. Quia quo dicta ut velit.', 0, '2018-12-06 13:16:04', '2018-12-06 13:16:04'),
(189, 23, 'Mr. Deron Legros II', 'Quo ullam aperiam provident dolorum nam in dolor. Iusto quia eos itaque perferendis ducimus fuga. Veniam repudiandae soluta qui dolor eos reiciendis. Neque aperiam aspernatur ipsam distinctio voluptate soluta.', 4, '2018-12-06 13:16:04', '2018-12-06 13:16:04'),
(190, 45, 'Breana Daugherty', 'Quo odit enim inventore ut consequatur a. Aut sit autem est ducimus. Eligendi magnam ut maiores minus est occaecati ducimus.', 3, '2018-12-06 13:16:04', '2018-12-06 13:16:04'),
(191, 4, 'Devonte Nicolas', 'Animi quis magni vel totam. Tempore nihil autem et at dolorem. Dolorem amet quia commodi rerum accusantium.', 5, '2018-12-06 13:16:04', '2018-12-06 13:16:04'),
(192, 44, 'Araceli Mayer', 'Nulla voluptatem natus dicta. Inventore modi quis enim hic corrupti.', 2, '2018-12-06 13:16:04', '2018-12-06 13:16:04'),
(193, 39, 'Erika Durgan', 'Magni autem reprehenderit voluptatem dignissimos molestias eos. Iste et quia totam corrupti perspiciatis et. Possimus quas qui aliquid maxime et labore nisi. Id sapiente illo eos repudiandae.', 5, '2018-12-06 13:16:04', '2018-12-06 13:16:04'),
(194, 31, 'Prof. Hoyt Trantow V', 'Enim natus est quis. Vitae placeat et quod porro. Earum nihil quidem minima voluptatibus quaerat blanditiis rerum.', 0, '2018-12-06 13:16:04', '2018-12-06 13:16:04'),
(195, 22, 'Randall Leannon', 'Cumque nisi molestiae qui enim dolore dolorem sit. Eos facere similique aut beatae et. Quia corrupti maiores aut excepturi quae unde.', 1, '2018-12-06 13:16:04', '2018-12-06 13:16:04'),
(196, 29, 'Asia Bogan', 'Minus voluptas ea velit et et. Incidunt assumenda molestiae et debitis quod similique alias. Quos odit sit non atque porro quia.', 2, '2018-12-06 13:16:04', '2018-12-06 13:16:04'),
(197, 12, 'Tierra Torphy', 'Dolore rerum natus rem eum consequatur sed. Odio libero suscipit unde dignissimos non repellat iure. Omnis porro consectetur autem eum autem. Eum quae numquam nesciunt et iure aut.', 2, '2018-12-06 13:16:04', '2018-12-06 13:16:04'),
(198, 40, 'Gudrun Robel', 'Sed repellat facilis officiis laudantium in. Est et optio ad amet. Officia et rem vitae quis sequi sapiente. Fugiat nulla nihil dolorum culpa eos ad aut sint.', 0, '2018-12-06 13:16:04', '2018-12-06 13:16:04'),
(199, 34, 'Sandrine Durgan', 'Numquam nostrum eum neque velit suscipit expedita. Ullam mollitia neque officiis eum consequatur quod nihil. Quaerat placeat quis minima neque.', 2, '2018-12-06 13:16:04', '2018-12-06 13:16:04'),
(200, 31, 'Glenna Hermann', 'Eos a a vitae et atque excepturi omnis. Eos ut aperiam autem exercitationem quaerat ipsum quisquam. Quam voluptatum esse veritatis est. Perspiciatis voluptatem iure voluptate repellat maxime non.', 0, '2018-12-06 13:16:04', '2018-12-06 13:16:04'),
(201, 12, 'Mr. Cleve Veum', 'Excepturi culpa consequuntur dolores. Qui suscipit unde nulla quaerat. Et qui rerum sunt doloremque ut.', 2, '2018-12-06 13:16:04', '2018-12-06 13:16:04'),
(202, 42, 'Zelda Macejkovic', 'Perspiciatis rerum odio beatae omnis molestiae. Ea accusamus nemo dolores eos sit doloribus. Omnis placeat dolorem ut ab delectus.', 0, '2018-12-06 13:16:04', '2018-12-06 13:16:04'),
(203, 47, 'Kelsie Roberts', 'Quia quisquam aut quo ab sit nobis. Temporibus laudantium in consequatur consequatur laborum consequuntur.', 4, '2018-12-06 13:16:04', '2018-12-06 13:16:04'),
(204, 13, 'Mrs. Ena Sauer', 'Est facilis quis sit eum. Consequuntur harum mollitia modi voluptatem et accusantium dolore enim. Eum dicta et ut sed necessitatibus.', 1, '2018-12-06 13:16:04', '2018-12-06 13:16:04'),
(205, 36, 'Mr. Lazaro Towne PhD', 'Non rerum veniam ut reprehenderit adipisci voluptates omnis. Vero maiores pariatur odio ut quas. Sunt nulla voluptatem eos est est.', 0, '2018-12-06 13:16:04', '2018-12-06 13:16:04'),
(206, 15, 'Miss Josianne Swift', 'Exercitationem consequatur sit iste quia aliquam facere. Sunt saepe amet cumque amet. Vel qui omnis aut impedit velit omnis. Natus quia dignissimos exercitationem temporibus nostrum occaecati nihil.', 0, '2018-12-06 13:16:04', '2018-12-06 13:16:04'),
(207, 36, 'Charles Champlin', 'Dolor delectus harum ad dolor. Quidem cumque aliquam voluptas soluta ea laudantium. Occaecati est consequatur quaerat repellendus ut vitae ex.', 4, '2018-12-06 13:16:04', '2018-12-06 13:16:04'),
(208, 16, 'Kristy Baumbach', 'Cum ducimus neque optio et. Quo qui occaecati quia ullam. Itaque sunt error et et. Sapiente nobis laboriosam sunt vel.', 5, '2018-12-06 13:16:04', '2018-12-06 13:16:04'),
(209, 10, 'Juston Hirthe', 'Et tenetur saepe est assumenda vitae et. Autem nostrum aperiam aut totam. Voluptas magnam nostrum accusamus voluptatem illo neque.', 2, '2018-12-06 13:16:04', '2018-12-06 13:16:04');
INSERT INTO `reviews` (`id`, `product_id`, `customer`, `review`, `star`, `created_at`, `updated_at`) VALUES
(210, 28, 'Delia Shields', 'Et minima numquam perspiciatis magnam. At et nesciunt occaecati voluptatem qui cum blanditiis voluptatum. In alias incidunt numquam asperiores labore voluptatem delectus.', 0, '2018-12-06 13:16:04', '2018-12-06 13:16:04'),
(211, 10, 'Mr. Bart Oberbrunner DDS', 'Alias ut voluptatem dolor qui. Est repellat doloribus mollitia laboriosam. Reiciendis nisi culpa accusantium eligendi in. Velit voluptas dignissimos et fugiat totam ullam enim officiis.', 5, '2018-12-06 13:16:04', '2018-12-06 13:16:04'),
(212, 19, 'Mr. Duncan Goyette', 'Molestiae id quis qui veritatis ea aperiam aut sit. Quo quo quaerat nemo quia et alias asperiores. Repudiandae et et eius est expedita.', 2, '2018-12-06 13:16:04', '2018-12-06 13:16:04'),
(213, 43, 'Prof. Marcus Denesik Jr.', 'Sed dolores id officia cupiditate ducimus voluptatibus aut. Quo molestias nemo rerum sequi. Et dignissimos dicta eligendi similique est odit.', 4, '2018-12-06 13:16:04', '2018-12-06 13:16:04'),
(214, 9, 'Asia Abernathy', 'Assumenda odio consequatur quis consequatur aperiam veritatis. Totam voluptatem est nisi autem aspernatur provident et aperiam. Quibusdam aut sint sit dolor molestiae. Eum qui numquam est architecto.', 2, '2018-12-06 13:16:04', '2018-12-06 13:16:04'),
(215, 46, 'Sigmund Heathcote Jr.', 'Sit est maiores maiores expedita consequatur. Voluptatem qui excepturi omnis. Aut est facilis veritatis id libero molestiae qui. Saepe qui totam aut sint dignissimos.', 2, '2018-12-06 13:16:04', '2018-12-06 13:16:04'),
(216, 15, 'Rosario Kuhlman Jr.', 'Omnis sapiente illum quasi sed autem. Quia deleniti cumque ducimus accusantium accusamus. Perspiciatis sed animi excepturi consequatur. Itaque labore libero soluta maiores eos non libero aspernatur. Reiciendis perferendis in cum consequatur in ipsam vero.', 3, '2018-12-06 13:16:04', '2018-12-06 13:16:04'),
(217, 31, 'Mr. Kiley Lesch III', 'In rerum dolore sit et ut nostrum. Iste corporis in autem a aut molestias. Exercitationem quia perferendis molestias quaerat quia et qui.', 1, '2018-12-06 13:16:04', '2018-12-06 13:16:04'),
(218, 48, 'Flavio Leannon', 'Quia nulla dolores doloribus vitae vel. Similique omnis est harum natus nobis architecto similique. Omnis eaque eum laboriosam praesentium explicabo ea maxime.', 5, '2018-12-06 13:16:04', '2018-12-06 13:16:04'),
(219, 41, 'Virgie D\'Amore', 'Et minima quia voluptatibus enim. Omnis aut provident optio unde. Reprehenderit nesciunt ipsam reiciendis et consequatur molestiae. Adipisci rerum eum tenetur et sed.', 0, '2018-12-06 13:16:04', '2018-12-06 13:16:04'),
(220, 22, 'Geovany Abbott', 'Occaecati est facere est. Harum et debitis laboriosam sit aut. Consequatur porro vitae dolor reiciendis culpa id. Similique non placeat mollitia a voluptatem sed et.', 5, '2018-12-06 13:16:04', '2018-12-06 13:16:04'),
(221, 21, 'Marina Koss', 'Nostrum et quis vitae architecto quas distinctio. Maiores quos corporis tempore neque ea incidunt. Commodi praesentium sit aut omnis natus et inventore. Qui doloribus modi occaecati aut est sint qui quibusdam.', 0, '2018-12-06 13:16:04', '2018-12-06 13:16:04'),
(222, 39, 'Magnolia Gusikowski', 'Dignissimos consequuntur dolore repellat fugit esse in dolorum. Beatae sunt laudantium ex. Placeat ut iste delectus aut quibusdam.', 3, '2018-12-06 13:16:04', '2018-12-06 13:16:04'),
(223, 28, 'Everett Abbott', 'Ullam est voluptate dolores quas nesciunt reiciendis quis. Eveniet vitae dolor fugiat nulla. Est culpa voluptates optio saepe ipsam commodi.', 3, '2018-12-06 13:16:04', '2018-12-06 13:16:04'),
(224, 39, 'Stan Olson', 'Nisi rerum quis vel. Voluptatibus accusamus aspernatur in consequatur consequatur non tempora. Placeat autem libero optio sit nobis. Similique in earum non voluptatem similique.', 1, '2018-12-06 13:16:04', '2018-12-06 13:16:04'),
(225, 7, 'Miss Nadia Lueilwitz DVM', 'Nulla et laboriosam sunt saepe natus molestiae. Sit in voluptatem et aut nihil dolor temporibus beatae. Quaerat qui voluptates illo. Expedita maxime iusto et consequatur non.', 1, '2018-12-06 13:16:04', '2018-12-06 13:16:04'),
(226, 19, 'Trenton Anderson', 'Praesentium ipsum maiores officia sunt. Minus quae accusamus velit officia tempora. Nulla et beatae modi quas. Molestiae iure architecto dolore ratione. Id vel illum assumenda ipsum.', 1, '2018-12-06 13:16:04', '2018-12-06 13:16:04'),
(227, 46, 'Blaze Haag', 'Quibusdam voluptas minima illo quis. Iusto alias at iste maxime.', 5, '2018-12-06 13:16:04', '2018-12-06 13:16:04'),
(228, 41, 'Kyle Douglas', 'Temporibus dicta et minus reiciendis ipsa ut eius. Deserunt quis voluptatem autem quasi ut quo ut. Fuga ad asperiores nihil nemo sed. Aut sint repellat sint minus.', 4, '2018-12-06 13:16:04', '2018-12-06 13:16:04'),
(229, 20, 'Giovani Watsica', 'Ea est non in est dolorem. Veniam ut accusantium ex odio magnam. Ducimus rerum dolorem natus ut et sunt. Adipisci et voluptatum inventore ut dolor laboriosam iure esse.', 4, '2018-12-06 13:16:04', '2018-12-06 13:16:04'),
(230, 36, 'Dolly Leannon', 'Architecto culpa dolorem quia porro. Commodi reiciendis minus qui. Sed et ipsam odio rerum suscipit soluta dolores dolore. Et ducimus modi dignissimos aut optio dolore. Omnis aliquam et et distinctio voluptatem reprehenderit et.', 3, '2018-12-06 13:16:04', '2018-12-06 13:16:04'),
(231, 24, 'Stanford Huel', 'Laboriosam fugit numquam id recusandae qui ut rem nulla. Dolores in vitae aut ut numquam. Nulla rerum eius aliquid beatae sint.', 5, '2018-12-06 13:16:04', '2018-12-06 13:16:04'),
(232, 24, 'Russ White', 'Ipsum natus unde qui nihil pariatur officiis non est. Aspernatur commodi tempore nemo fugit qui fuga maiores. Libero facilis qui debitis eveniet tenetur omnis enim. Aut enim id ut incidunt.', 4, '2018-12-06 13:16:04', '2018-12-06 13:16:04'),
(233, 26, 'Dr. Brandon Barton III', 'Similique ut assumenda earum ea nobis. In aut eum et ab. Incidunt quidem debitis inventore velit occaecati rerum esse.', 1, '2018-12-06 13:16:04', '2018-12-06 13:16:04'),
(234, 2, 'Camron Grant', 'Possimus deserunt commodi dolor sit voluptas molestiae dolorum blanditiis. Hic eaque at optio tempora doloremque non. Et consequatur libero corrupti est fugit aliquid. Voluptas repellendus eius adipisci quo.', 2, '2018-12-06 13:16:04', '2018-12-06 13:16:04'),
(235, 18, 'Griffin Labadie III', 'Ipsam quo blanditiis dolorem ad assumenda. Reiciendis vitae id non aspernatur officiis molestias. Exercitationem est dolorum laborum maiores et.', 3, '2018-12-06 13:16:04', '2018-12-06 13:16:04'),
(236, 47, 'Eldon Wolf', 'Nobis sequi ad excepturi harum sit omnis alias. Porro culpa reiciendis quia perspiciatis numquam. Quidem ut consequatur aut sit et tempore quod earum.', 4, '2018-12-06 13:16:04', '2018-12-06 13:16:04'),
(237, 36, 'Trycia Kling PhD', 'Eveniet est quidem molestiae magnam. Voluptatum nam facere non ipsam. Velit animi amet exercitationem modi. Molestiae consequatur quaerat nulla atque dolorem.', 0, '2018-12-06 13:16:04', '2018-12-06 13:16:04'),
(238, 15, 'Trevion Durgan', 'Vel quasi fugiat illo vel recusandae. Incidunt dolores ut impedit et placeat tenetur. Nihil voluptas tempora ut rem beatae voluptas nihil. Aut numquam debitis nostrum laborum qui nobis maxime.', 1, '2018-12-06 13:16:04', '2018-12-06 13:16:04'),
(239, 40, 'Percival Romaguera', 'Fugiat aperiam sit laudantium sunt natus aspernatur. At expedita error beatae velit numquam atque. Doloremque dolore corrupti rerum voluptatem reiciendis eaque ex suscipit. Minima sed delectus labore quia.', 2, '2018-12-06 13:16:04', '2018-12-06 13:16:04'),
(240, 39, 'Ronaldo Hayes', 'Sequi voluptates quibusdam officiis voluptatum sint laboriosam quos. Ad facilis rerum mollitia similique soluta et dignissimos. Omnis odio praesentium animi. Aut aut sit et harum.', 3, '2018-12-06 13:16:04', '2018-12-06 13:16:04'),
(241, 17, 'Catharine Schimmel', 'Provident neque modi sint minima dicta magnam quam. Perferendis voluptatem quas doloremque quia architecto ea. A suscipit facere quisquam doloribus quia culpa.', 5, '2018-12-06 13:16:04', '2018-12-06 13:16:04'),
(242, 20, 'Derick Harris PhD', 'Veritatis ipsam velit porro architecto doloremque velit in eum. Explicabo error consequatur similique veniam. Autem omnis corrupti veritatis non autem.', 0, '2018-12-06 13:16:04', '2018-12-06 13:16:04'),
(243, 47, 'Barry Lakin I', 'Non est atque porro. Pariatur ipsam tempore omnis perferendis. Consequatur exercitationem aut quasi mollitia minima rerum. Optio velit aliquam nam.', 5, '2018-12-06 13:16:04', '2018-12-06 13:16:04'),
(244, 16, 'Chanelle Streich DVM', 'Quidem modi perspiciatis est qui ullam repellendus et. Iste vel sunt commodi enim non. Illum vero itaque aut atque voluptas cupiditate beatae.', 1, '2018-12-06 13:16:04', '2018-12-06 13:16:04'),
(245, 5, 'Billie DuBuque', 'Vel ut saepe ut maiores. Culpa maxime deleniti ut ipsa quos eligendi. Nisi assumenda explicabo aut velit. Quibusdam labore ullam omnis nihil sed.', 0, '2018-12-06 13:16:04', '2018-12-06 13:16:04'),
(246, 24, 'Angie Daugherty III', 'Ducimus est alias vero officiis sint deleniti. Recusandae quo aut iste corrupti reiciendis inventore et sunt. Distinctio quo quibusdam velit est enim eos. Sequi illum officiis voluptatem qui omnis.', 5, '2018-12-06 13:16:04', '2018-12-06 13:16:04'),
(247, 40, 'Jayde Mueller', 'Minima quis rem sed eius maiores recusandae autem. Eos vel minus corporis dolorem aut quasi et. Voluptatem quaerat voluptatem perferendis sed ducimus sed quis et. Tenetur delectus vitae consectetur et rerum.', 5, '2018-12-06 13:16:04', '2018-12-06 13:16:04'),
(248, 8, 'Retta Vandervort', 'Non quia sunt cum aliquam libero. Dicta similique molestias quia. A fuga id incidunt beatae.', 3, '2018-12-06 13:16:04', '2018-12-06 13:16:04'),
(249, 35, 'Clair Jones', 'Eaque molestiae libero sed non voluptatem deserunt voluptates ut. Officia modi animi rem totam optio voluptate. Voluptatem eum autem reprehenderit quibusdam doloribus sed. Laborum distinctio nam iste ut porro ut. Aliquam earum ab repellendus.', 0, '2018-12-06 13:16:04', '2018-12-06 13:16:04'),
(250, 2, 'Raquel Dare', 'Sunt iste maxime est libero veritatis quod. Repellat qui molestiae maxime expedita impedit. Et non perferendis fugiat velit. Fuga sit molestias similique aliquam quo nemo.', 3, '2018-12-06 13:16:04', '2018-12-06 13:16:04'),
(251, 16, 'Concepcion Kohler', 'Officia laboriosam eaque maiores qui. Itaque ducimus sint deserunt eum perferendis. Aspernatur ut quia ullam reiciendis eos corrupti est. Eum vel eius voluptatem atque maiores reprehenderit.', 3, '2018-12-06 13:16:04', '2018-12-06 13:16:04'),
(252, 26, 'Dereck Trantow', 'Consequuntur delectus et commodi est excepturi. Repudiandae qui quis qui praesentium sed quo accusantium. Accusantium repellendus rem eos necessitatibus dicta.', 5, '2018-12-06 13:16:04', '2018-12-06 13:16:04'),
(253, 45, 'Gilbert Schmeler IV', 'Voluptas adipisci ipsa ducimus ipsa. Omnis ducimus expedita voluptatum eum quia. Quas eveniet totam totam et eaque minima. Harum saepe sapiente quos odio quidem quod ex.', 3, '2018-12-06 13:16:04', '2018-12-06 13:16:04'),
(254, 30, 'Ms. Karlee Brakus I', 'Eligendi optio odit reiciendis temporibus velit consequuntur. Ad cum error nulla aut possimus minima. Modi est dolore nostrum maxime. Labore rerum omnis debitis vitae dolor.', 1, '2018-12-06 13:16:04', '2018-12-06 13:16:04'),
(255, 46, 'Miss Bernadine Paucek III', 'Nihil in occaecati ea fuga cupiditate debitis alias ex. Provident et ad omnis doloremque. Est neque maxime praesentium. Assumenda eum in aut est ut aspernatur vel repellendus.', 1, '2018-12-06 13:16:04', '2018-12-06 13:16:04'),
(256, 1, 'Malika Heller DDS', 'Tenetur commodi animi alias provident quia voluptate. Voluptate ex quis voluptatum.', 1, '2018-12-06 13:16:04', '2018-12-06 13:16:04'),
(257, 30, 'Taryn Boyer V', 'Quisquam architecto repudiandae ut recusandae ea dolor sunt omnis. Magnam omnis quis dolore non omnis voluptatum.', 3, '2018-12-06 13:16:04', '2018-12-06 13:16:04'),
(258, 23, 'Kaden Gorczany', 'Dolore velit et sunt officiis. Ducimus impedit iusto ut voluptatem nobis voluptatem earum aspernatur. Repellat cupiditate omnis qui commodi quia. Ut minima quisquam excepturi maxime fugit illum libero. Quia et asperiores voluptatibus odit ipsam.', 2, '2018-12-06 13:16:04', '2018-12-06 13:16:04'),
(259, 49, 'Charlene Fahey', 'Voluptas non dolorem est saepe consequatur dolor aut similique. Eos voluptatem dolorum et. Impedit sit alias voluptates a aut architecto et. Saepe perspiciatis eaque voluptate voluptatem ratione.', 0, '2018-12-06 13:16:04', '2018-12-06 13:16:04'),
(260, 8, 'Jettie Boyer', 'Impedit ullam nemo assumenda reiciendis dolorum perspiciatis animi. Id quae necessitatibus quo sit qui assumenda vel. Officia pariatur aliquam odit culpa.', 4, '2018-12-06 13:16:04', '2018-12-06 13:16:04'),
(261, 12, 'Prof. Kevon Murphy PhD', 'Minus ratione culpa est quibusdam. Consectetur aut aut rerum cupiditate aut quia. Molestias qui voluptas dolores qui possimus non atque dignissimos. Voluptatibus delectus incidunt illo amet praesentium rerum est.', 0, '2018-12-06 13:16:04', '2018-12-06 13:16:04'),
(262, 9, 'Peter Feil', 'Fugiat libero expedita tempore deserunt. In vitae accusamus necessitatibus laborum qui non et. Temporibus praesentium et excepturi. Possimus quae cupiditate corporis quo ab.', 4, '2018-12-06 13:16:04', '2018-12-06 13:16:04'),
(263, 37, 'Arnulfo VonRueden', 'Natus et ut quo quasi. Eos quidem similique nostrum aut. Culpa voluptatum quia sunt occaecati fugiat voluptate sequi.', 2, '2018-12-06 13:16:04', '2018-12-06 13:16:04'),
(264, 7, 'Johnny Kohler', 'Voluptas officiis totam autem architecto aliquid eos. Repellat et officia voluptatibus fugit minima. Perspiciatis enim sapiente incidunt nostrum pariatur quidem et. Expedita id qui facilis porro eum maxime.', 1, '2018-12-06 13:16:04', '2018-12-06 13:16:04'),
(265, 34, 'Zora Wolff', 'Provident voluptatem et eaque. Similique soluta reiciendis numquam hic. Impedit aut quas dolores. Cupiditate at totam est iste ipsum. At accusamus alias rerum quod dolorem est voluptatibus tempora.', 4, '2018-12-06 13:16:04', '2018-12-06 13:16:04'),
(266, 16, 'Zora Kirlin', 'Totam veritatis quaerat pariatur aut itaque. Atque sunt recusandae ad veritatis. Sed explicabo libero maxime aut. Totam assumenda blanditiis dolores eius. Eligendi voluptatem maxime nihil eveniet est.', 3, '2018-12-06 13:16:04', '2018-12-06 13:16:04'),
(267, 26, 'Denis Rippin', 'Velit dolor voluptatem ea distinctio et similique. Quae assumenda voluptatem ut. Odio error nobis voluptatem totam.', 5, '2018-12-06 13:16:04', '2018-12-06 13:16:04'),
(268, 50, 'Bridget Kessler', 'Voluptas nisi omnis quaerat tempore animi deserunt. Possimus quis minima nisi quasi velit illum. Non vel cum officiis voluptatem harum ducimus sit.', 4, '2018-12-06 13:16:04', '2018-12-06 13:16:04'),
(269, 24, 'Carmelo Borer', 'Vitae animi tempora et sint velit velit. Aut molestias vel consequuntur. Iste et sint est quod recusandae ipsam facilis rerum. Repellendus voluptas placeat tenetur ut ab possimus.', 2, '2018-12-06 13:16:04', '2018-12-06 13:16:04'),
(270, 34, 'Mrs. Kelli Konopelski Jr.', 'Inventore provident nihil nihil cupiditate cupiditate omnis esse doloribus. Modi ut officiis corrupti numquam in quis qui nihil. Architecto est illo numquam illum dolorem et. Et non asperiores quis qui ea porro quia. Soluta et blanditiis occaecati sequi beatae dicta quo.', 2, '2018-12-06 13:16:04', '2018-12-06 13:16:04'),
(271, 36, 'Shannon Dach Sr.', 'Beatae quisquam iusto doloribus voluptas et et sed. Ipsum quo quis doloremque amet dolorem mollitia. Ut ut voluptas laudantium repellendus quia vitae ab. Esse vero molestiae laborum eum laborum est. Cupiditate iste iste consequuntur.', 4, '2018-12-06 13:16:04', '2018-12-06 13:16:04'),
(272, 39, 'Hailee Medhurst', 'Ea omnis nisi ut voluptates saepe excepturi. Libero quo deserunt adipisci sit et voluptates. Nulla ut saepe voluptatibus aut maxime.', 0, '2018-12-06 13:16:04', '2018-12-06 13:16:04'),
(273, 2, 'Prof. Maida Wilderman', 'Molestias animi quis nostrum sed. Consectetur occaecati aut sed officia a tempore fugit. Ut aut id occaecati qui aperiam. Dolore cum quis voluptates.', 2, '2018-12-06 13:16:04', '2018-12-06 13:16:04'),
(274, 13, 'Jany Wyman', 'Iusto dolore asperiores ducimus aut molestias voluptas. Excepturi ea voluptas dolores enim eligendi voluptatem qui. Voluptatum officiis et necessitatibus ipsum aut ad ipsam aut.', 2, '2018-12-06 13:16:04', '2018-12-06 13:16:04'),
(275, 25, 'Etha Hagenes', 'Rerum id porro fuga cumque quia. Velit itaque dolor est reiciendis sapiente autem vel. Aliquam qui quod corrupti.', 5, '2018-12-06 13:16:04', '2018-12-06 13:16:04'),
(276, 37, 'Ms. Camila Raynor', 'Error dolorem eos molestias assumenda sit minus hic. Tempora provident distinctio explicabo tenetur aspernatur. Provident recusandae ipsum sit veniam dolor velit. Aspernatur dolores molestiae exercitationem occaecati autem voluptatem.', 2, '2018-12-06 13:16:04', '2018-12-06 13:16:04'),
(277, 16, 'Oliver Harber IV', 'Laboriosam hic sed quis molestiae. Consequuntur eaque repudiandae voluptatum. Unde distinctio beatae et sit aliquid laudantium adipisci. Inventore possimus magni fuga eveniet assumenda consequatur.', 3, '2018-12-06 13:16:04', '2018-12-06 13:16:04'),
(278, 29, 'Miss Charlotte Hill', 'Molestiae non aut repudiandae est sit eum occaecati suscipit. Non minima sapiente quibusdam quae eum esse vel. Hic eveniet id dolorum perferendis optio. Molestiae iusto repellendus voluptas.', 3, '2018-12-06 13:16:04', '2018-12-06 13:16:04'),
(279, 50, 'Mr. Jaycee Kuvalis II', 'Esse qui officia omnis. Sapiente enim delectus laborum quos qui quasi corporis.', 1, '2018-12-06 13:16:04', '2018-12-06 13:16:04'),
(280, 40, 'Luz Toy', 'Qui sapiente et molestias. Doloremque ducimus odio sequi. Illo pariatur eum quam quos placeat veniam voluptas. Est magnam incidunt odit est.', 2, '2018-12-06 13:16:04', '2018-12-06 13:16:04'),
(281, 19, 'Mr. Nathan Roberts IV', 'Eius explicabo debitis officiis et. Suscipit vel corrupti inventore dolor. Fugiat unde voluptatibus veritatis.', 5, '2018-12-06 13:16:04', '2018-12-06 13:16:04'),
(282, 49, 'Edison Lehner', 'Officiis rerum laudantium rerum totam dolorem et. Maiores deserunt placeat vitae consequuntur id et. Facilis voluptatum id quia dolorum cum. Qui aut sit soluta optio.', 2, '2018-12-06 13:16:04', '2018-12-06 13:16:04'),
(283, 19, 'Philip Kohler', 'Voluptatum pariatur perferendis et magnam. Quae magni blanditiis distinctio autem. Numquam tempore velit quas.', 4, '2018-12-06 13:16:04', '2018-12-06 13:16:04'),
(284, 22, 'Deron Parisian', 'Voluptas ipsum facilis quibusdam nobis molestiae repellat. Omnis placeat eum mollitia laudantium aliquam veritatis nobis. Quisquam totam hic voluptas laboriosam.', 3, '2018-12-06 13:16:04', '2018-12-06 13:16:04'),
(285, 38, 'Nadia Lynch', 'Neque beatae soluta sint culpa et aperiam animi. Labore illum consectetur ut est at id consectetur vel. Autem ducimus aut ex sed omnis vero. Nihil ducimus quos laboriosam expedita nulla aliquam.', 5, '2018-12-06 13:16:04', '2018-12-06 13:16:04'),
(286, 38, 'Brock Rodriguez', 'Delectus voluptate magni vel dolore eveniet molestiae. Expedita sequi fugit molestiae alias sint id vero. Minima temporibus ipsum ut nam vel quia incidunt. Molestiae quidem et omnis ut commodi optio. Velit rerum velit esse quisquam.', 0, '2018-12-06 13:16:04', '2018-12-06 13:16:04'),
(287, 15, 'Lexus Runte', 'Non molestiae cumque minus sed. Repudiandae rem nam asperiores. Quisquam qui molestiae consequatur voluptas tempore.', 3, '2018-12-06 13:16:04', '2018-12-06 13:16:04'),
(288, 48, 'Ezekiel Abbott', 'Repellendus eum totam possimus est. Ut quia veniam provident consequuntur aut excepturi. Culpa ex quae odit eos consectetur optio.', 5, '2018-12-06 13:16:04', '2018-12-06 13:16:04'),
(289, 35, 'Prof. Quentin Gaylord', 'Illum voluptatem dignissimos ducimus aliquam dolor magni ut aperiam. Ea itaque ullam est aut. Quia quis laboriosam aliquam et. Aut odio nostrum modi soluta et non.', 3, '2018-12-06 13:16:04', '2018-12-06 13:16:04'),
(290, 19, 'Yvonne Berge', 'Recusandae quae et facere doloribus. Est laborum cumque molestiae necessitatibus eum. Odit eos odio et qui necessitatibus quasi nesciunt.', 0, '2018-12-06 13:16:04', '2018-12-06 13:16:04'),
(291, 3, 'Holly O\'Hara', 'Dolor quia enim sit dolorem quos. Et consectetur sit quaerat. Quo molestiae delectus ducimus impedit consequatur maiores mollitia. Optio quis et molestias voluptas dolores nobis.', 2, '2018-12-06 13:16:04', '2018-12-06 13:16:04'),
(292, 6, 'Skye Durgan', 'Dolores commodi ea minima asperiores ea maiores. Eius hic reiciendis soluta dolores cumque numquam deserunt. Non nobis architecto minus excepturi veniam.', 1, '2018-12-06 13:16:04', '2018-12-06 13:16:04'),
(293, 35, 'Arianna Gutmann', 'Laudantium iusto et accusantium rerum sit nihil in deleniti. Ea quis voluptas similique et quis et porro. Eaque alias unde totam minus. Non ipsum et qui voluptatem qui sint.', 0, '2018-12-06 13:16:04', '2018-12-06 13:16:04'),
(294, 50, 'Miss Celestine Gerhold III', 'Quo ea repellendus rem praesentium omnis. Debitis sed culpa aliquid illum dicta et. Voluptas cupiditate nemo rerum ut.', 5, '2018-12-06 13:16:04', '2018-12-06 13:16:04'),
(295, 44, 'Dr. Ofelia Bechtelar', 'Deserunt nesciunt et aut laborum aut et vel. Autem nobis ullam aliquid provident et autem eos. Est totam optio consequatur dolore expedita magnam ducimus. Tenetur nesciunt autem sit.', 0, '2018-12-06 13:16:04', '2018-12-06 13:16:04'),
(296, 24, 'Roxanne Shanahan II', 'Laboriosam molestiae modi sint eos aperiam. Eius eum natus veritatis illo maxime. Possimus quia eligendi ut reprehenderit repellendus aperiam. Magnam quisquam vitae inventore aut cum rerum.', 2, '2018-12-06 13:16:04', '2018-12-06 13:16:04'),
(297, 35, 'Mrs. Pansy Nikolaus Sr.', 'Suscipit sint nostrum voluptatem distinctio. Magni non et facere nemo beatae. Iure voluptatibus rerum at tempore iure et nihil.', 3, '2018-12-06 13:16:04', '2018-12-06 13:16:04'),
(298, 16, 'Aida Harris', 'Aliquid qui qui doloremque quas et vero. Necessitatibus sit officiis dicta qui incidunt. Ut cupiditate provident magni veniam cum. Saepe maiores voluptas fuga doloribus et inventore laudantium.', 1, '2018-12-06 13:16:04', '2018-12-06 13:16:04'),
(299, 22, 'Dexter Kemmer', 'Nostrum et consequatur blanditiis eveniet nisi maxime. Nemo eos aut illum saepe architecto perspiciatis sunt. Veritatis corporis dolorem mollitia est.', 1, '2018-12-06 13:16:04', '2018-12-06 13:16:04'),
(300, 43, 'Prof. Kaycee Heidenreich Sr.', 'Totam voluptas officiis autem illo. Nam iure eos ipsam non alias excepturi. Molestiae pariatur earum nulla doloribus.', 3, '2018-12-06 13:16:04', '2018-12-06 13:16:04');

-- --------------------------------------------------------

--
-- Struktura tabele `users`
--

CREATE TABLE `users` (
  `id` int(10) UNSIGNED NOT NULL,
  `name` varchar(255) COLLATE utf8mb4_unicode_ci NOT NULL,
  `email` varchar(255) COLLATE utf8mb4_unicode_ci NOT NULL,
  `remember_token` varchar(100) COLLATE utf8mb4_unicode_ci DEFAULT NULL,
  `created_at` timestamp NULL DEFAULT NULL,
  `updated_at` timestamp NULL DEFAULT NULL
) ENGINE=InnoDB DEFAULT CHARSET=utf8mb4 COLLATE=utf8mb4_unicode_ci;

--
-- Indeksi zavrženih tabel
--

--
-- Indeksi tabele `migrations`
--
ALTER TABLE `migrations`
  ADD PRIMARY KEY (`id`);

--
-- Indeksi tabele `products`
--
ALTER TABLE `products`
  ADD PRIMARY KEY (`id`);

--
-- Indeksi tabele `reviews`
--
ALTER TABLE `reviews`
  ADD PRIMARY KEY (`id`),
  ADD KEY `reviews_product_id_index` (`product_id`);

--
-- Indeksi tabele `users`
--
ALTER TABLE `users`
  ADD PRIMARY KEY (`id`);

--
-- AUTO_INCREMENT zavrženih tabel
--

--
-- AUTO_INCREMENT tabele `migrations`
--
ALTER TABLE `migrations`
  MODIFY `id` int(10) UNSIGNED NOT NULL AUTO_INCREMENT, AUTO_INCREMENT=7;

--
-- AUTO_INCREMENT tabele `products`
--
ALTER TABLE `products`
  MODIFY `id` int(10) UNSIGNED NOT NULL AUTO_INCREMENT, AUTO_INCREMENT=51;

--
-- AUTO_INCREMENT tabele `reviews`
--
ALTER TABLE `reviews`
  MODIFY `id` int(10) UNSIGNED NOT NULL AUTO_INCREMENT, AUTO_INCREMENT=301;

--
-- AUTO_INCREMENT tabele `users`
--
ALTER TABLE `users`
  MODIFY `id` int(10) UNSIGNED NOT NULL AUTO_INCREMENT;

--
-- Omejitve tabel za povzetek stanja
--

--
-- Omejitve za tabelo `reviews`
--
ALTER TABLE `reviews`
  ADD CONSTRAINT `reviews_product_id_foreign` FOREIGN KEY (`product_id`) REFERENCES `products` (`id`) ON DELETE CASCADE;
COMMIT;

/*!40101 SET CHARACTER_SET_CLIENT=@OLD_CHARACTER_SET_CLIENT */;
/*!40101 SET CHARACTER_SET_RESULTS=@OLD_CHARACTER_SET_RESULTS */;
/*!40101 SET COLLATION_CONNECTION=@OLD_COLLATION_CONNECTION */;
